symbol,name,current,percent,volume
SZ300366,创意信息,7.16,19.93,47841600
SH688280,精进电动-UW,6.98,19.93,51245553
SH688667,菱电电控,53.81,17.62,1919734
SZ300005,探路者,9.78,15.6,138240560
SZ300911,亿田智能,52.34,15.21,9242069
SH688590,新致软件,22.51,13.34,11087533
SH688588,凌志软件,14.03,12.69,18404273
SZ301387,光大同创,37.61,11.83,5761480
SH688499,利元亨,26.8,11.81,8699615
SH688411,海博思创,72.88,11.42,2967351
SH688018,乐鑫科技,215.92,11.09,3974507
SH688403,汇成股份,9.75,10.67,24866265
SH688049,炬芯科技,55.53,10.27,8273267
SH603839,安正时尚,5.78,10.1,5845900
SZ000016,深康佳A,5.45,10.1,56195094
SH600743,华远地产,1.86,10.06,51927979
SZ300345,华民股份,8.43,10.05,21292817
SH600774,汉商集团,8.98,10.05,6960744
SH603123,翠微股份,8.43,10.05,20182200
SZ002730,电光科技,15.8,10.03,5895720
SH603922,金鸿顺,19.21,10.02,4845640
SZ002355,兴民智通,6.26,10.02,9938202
SZ002286,保龄宝,9.22,10.02,36163940
SZ002491,通鼎互联,4.61,10.02,18766145
SZ002272,川润股份,9.77,10.02,50332559
SH605069,正和生态,9.67,10.01,15118193
SH600986,浙文互联,8.02,10.01,107612050
SH605588,冠石科技,46.96,10.0,3542700
SH600939,重庆建工,2.97,10.0,25924571
SH603322,超讯通信,32.23,10.0,11050844
SZ000158,常山北明,22.56,10.0,84781733
SH603030,全筑股份,2.64,10.0,28264425
SZ002471,中超控股,2.97,10.0,38914455
SH600732,爱旭股份,10.89,10.0,62708753
SH603900,莱绅通灵,6.71,10.0,17926570
SZ001316,润贝航科,39.05,10.0,3411395
SZ002901,大博医疗,36.96,10.0,4436516
SH603359,东珠生态,7.6,9.99,41713317
SH603185,弘元绿能,14.2,9.99,12556830
SZ002315,焦点科技,42.71,9.99,13827910
SZ002229,鸿博股份,15.88,9.97,107719945
SZ002201,九鼎新材,6.51,9.97,19474593
SH600337,美克家居,1.9,9.83,21905640
SZ002581,未名医药,6.6,9.82,33852319
SH603040,新坐标,34.63,9.8,10266313
SZ300047,天源迪科,13.7,9.69,70354549
SH688255,凯尔达,36.69,9.42,4615514
SH688369,致远互联,30.3,9.39,3732514
SZ300972,万辰集团,160.51,9.19,3099900
SZ002034,旺能环境,17.63,8.83,5629459
SZ200016,深康佳B,1.12,8.74,5492000
SH688090,瑞松科技,41.8,8.68,1831605
SZ301085,亚康股份,61.15,8.48,5178778
SH600590,泰豪科技,9.57,8.38,45276010
SH605151,西上海,17.35,8.3,3032369
SH603586,金麒麟,16.63,8.27,14807686
SH688351,微电生理,21.85,8.06,6609145
SH600067,冠城新材,2.59,7.92,30491460
SZ300946,恒而达,34.28,7.8,2911932
SH603893,瑞芯微,166.88,7.69,8528239
SH600463,空港股份,9.14,7.66,4457899
SZ301117,佳缘科技,24.49,7.65,6818311
SH600246,万通发展,5.65,7.62,43117617
SZ300217,东方电热,4.81,7.61,49485360
SH603616,韩建河山,3.43,7.52,12493800
SZ002055,得润电子,5.72,7.52,75815161
SH605133,嵘泰股份,37.12,7.5,6953284
SZ300940,南极光,16.34,7.5,6642980
SZ002860,星帅尔,11.97,7.45,25614600
SH688595,芯海科技,38.95,7.45,5111683
SZ301005,超捷股份,32.14,7.35,8843108
SZ002225,濮耐股份,5.48,7.24,21686100
SZ002915,中欣氟材,20.82,7.15,69592236
SH688116,天奈科技,43.6,7.13,8083907
SH688426,康为世纪,18.9,7.08,1104766
SZ300879,大叶股份,25.96,7.01,32404064
SZ300710,万隆光电,18.81,7.0,4642090
SH600336,澳柯玛,6.57,7.0,12410200
SH603883,老百姓,19.6,6.99,37430553
SH603985,恒润股份,18.4,6.98,46436745
SH688084,晶品特装,63.53,6.95,1226995
SH688206,概伦电子,22.24,6.92,6693795
SZ002298,中电鑫龙,5.88,6.91,114446213
SH603833,欧派家居,69.39,6.89,4414524
SH600410,华胜天成,9.1,6.81,129994233
SH603868,飞科电器,36.26,6.8,1859918
SZ301008,宏昌科技,24.51,6.8,4918572
SH603110,东方材料,19.06,6.78,43329430
SZ300225,金力泰,4.12,6.74,74761247
SZ300904,威力传动,55.68,6.71,1244600
SZ002006,精工科技,16.69,6.71,17831253
SH603630,拉芳家化,19.63,6.68,7489520
SZ002731,萃华珠宝,10.39,6.67,9932100
SH688608,恒玄科技,445.8,6.65,1264034
SZ002723,小崧股份,6.94,6.61,11520700
SH600807,济高发展,2.58,6.61,30266800
SZ300624,万兴科技,61.47,6.61,9836505
SZ300561,*ST汇科,11.83,6.58,19188125
SZ002246,北化股份,10.71,6.57,14605000
SZ300785,值得买,35.03,6.57,10730072
SZ300281,金明精机,6.5,6.56,28458800
SH603507,振江股份,25.66,6.56,33552217
SH603887,城地香江,19.1,6.53,35880458
SZ301382,蜂助手,39.08,6.49,12935990
SH688568,中科星图,53.15,6.47,7331241
SZ002538,司尔特,5.12,6.44,48214019
SH600735,新华锦,5.5,6.38,22902200
SH688787,海天瑞声,95.17,6.38,2181231
SH688737,中自科技,20.01,6.38,3786361
SZ300862,蓝盾光电,23.93,6.36,2396120
SH603595,东尼电子,16.55,6.29,8332974
SZ300078,思创医惠,3.39,6.27,47468631
SZ002546,新联电子,4.79,6.21,29521440
SZ002973,侨银股份,10.96,6.2,4119800
SH688458,美芯晟,39.68,6.18,2402267
SH605336,帅丰电器,19.09,6.17,2885620
SH603983,丸美生物,46.29,6.17,5894723
SH688220,翱捷科技-U,93.41,6.16,4549549
SH605009,豪悦护理,59.18,6.13,3575099
SZ002516,旷达科技,5.04,6.11,17077000
SH688287,*ST观典,4.02,6.07,7244256
SZ301260,格力博,15.12,6.03,8320014
SZ002546,新联电子,4.78,5.99,29522540
SZ000753,漳州发展,5.5,5.97,53849722
SZ002667,威领股份,12.91,5.91,14643811
SZ301626,苏州天脉,71.36,5.91,1753690
SH603798,康普顿,9.33,5.9,8607263
SZ000426,兴业银锡,13.31,5.89,27229582
SZ000981,山子高科,1.8,5.88,381429500
SH688793,倍轻松,29.08,5.82,1496346
SZ300242,佳云科技,4.18,5.82,17909499
SH603809,豪能股份,14.2,5.81,30844409
SH688480,赛恩斯,34.79,5.78,1007404
SH603316,诚邦股份,5.7,5.75,13028930
SZ300205,*ST天喻,2.77,5.73,16217200
SZ002314,南山控股,2.59,5.71,41338496
SZ000034,神州数码,40.6,5.7,41475974
SH603955,大千生态,23.96,5.69,11880000
SH600533,栖霞建设,2.24,5.66,20803625
SH688118,普元信息,23.56,5.65,4000643
SZ300840,酷特智能,19.68,5.64,15716400
SH688205,德科立,54.64,5.63,4050387
SH603880,南卫股份,5.08,5.61,4921950
SH688695,中创股份,30.5,5.61,1254684
SZ002861,瀛通通讯,13.95,5.6,35465900
SH688025,杰普特,48.8,5.6,1519585
SH688678,福立旺,20.6,5.59,5528383
SH603876,鼎胜新材,8.52,5.58,17459945
SZ301397,溯联股份,36.13,5.52,1985520
SH688580,伟思医疗,46.58,5.5,4221153
SZ301316,慧博云通,28.45,5.49,23554200
SH603378,亚士创能,6.18,5.46,9272675
SH600481,双良节能,4.44,5.46,34057520
SH600187,国中水务,3.1,5.44,77093625
SZ301383,天键股份,37.3,5.43,1927840
SH688726,拉普拉斯,38.93,5.39,1623444
SH688125,安达智能,34.25,5.38,489551
SH603515,欧普照明,16.95,5.34,3841635
SH688615,合合信息,249.29,5.34,1312116
SH605589,圣泉集团,26.03,5.34,10052300
SH688286,敏芯股份,68.25,5.32,1474620
SZ002153,石基信息,8.31,5.32,37905354
SH600828,茂业商业,5.55,5.31,128625268
SZ002486,嘉麟杰,2.18,5.31,22803400
SZ000785,居然智家,3.38,5.3,106470782
SZ300899,*ST凯鑫,19.11,5.29,4103189
SZ002172,澳洋健康,3.59,5.28,77513658
SH600491,龙元建设,3.83,5.22,19458150
SZ000573,粤宏远A,4.23,5.22,67810686
SH688031,星环科技-U,50.29,5.21,2552130
SH688709,成都华微,33.3,5.21,3687840
SH688655,迅捷兴,14.36,5.2,4495177
SZ002030,达安基因,5.67,5.19,24934399
SH688629,华丰科技,59.0,5.19,9741842
SH600322,津投城开,2.23,5.19,24829670
SH603383,顶点软件,41.8,5.18,5356207
SH600608,*ST沪科,3.05,5.17,2195905
SH600577,精达股份,6.73,5.16,46048636
SZ002528,ST英飞拓,2.24,5.16,16767790
SZ002913,奥士康,25.27,5.16,4082490
SZ002913,奥士康,25.27,5.16,4082490
SZ002553,南方精工,20.83,5.15,42520900
SZ002141,*ST贤丰,2.26,5.12,28896720
SH688003,天准科技,51.7,5.1,6222645
SZ000977,浪潮信息,51.13,5.1,45794998
SZ300066,三川智慧,4.14,5.08,25771884
SH600381,*ST春天,3.1,5.08,1730640
SZ300010,豆神教育,7.26,5.07,70308700
SZ002168,*ST惠程,2.28,5.07,13277326
SH603171,税友股份,46.4,5.07,3286500
SH688004,博汇科技,16.19,5.06,1225737
SH688326,经纬恒润-W,80.88,5.05,539207
SZ002541,鸿路钢构,19.15,5.05,4780639
SH600869,远东股份,4.78,5.05,20593668
SZ002656,*ST摩登,2.29,5.05,6256500
SH600636,*ST国化,6.68,5.03,26260653
SZ002868,*ST绿康,17.62,5.01,9168052
SZ002789,*ST建艺,6.93,5.0,3799773
SZ300634,彩讯股份,25.42,5.0,14247791
SZ000009,中国宝安,7.77,5.0,24816941
SZ002816,*ST和科,11.77,5.0,9461205
SH603268,*ST松发,37.14,5.0,173200
SH603813,*ST原尚,11.57,4.99,3275626
SZ300378,鼎捷数智,38.32,4.99,11880000
SZ002569,*ST步森,6.75,4.98,3100350
SZ002200,*ST交投,7.8,4.98,5024300
SH603557,ST起步,2.32,4.98,1162939
SZ002058,*ST威尔,8.85,4.98,8599581
SZ300125,*ST聆达,6.13,4.97,5458400
SH600295,鄂尔多斯,9.08,4.97,13818407
SH600295,鄂尔多斯,9.08,4.97,13823007
SZ300866,安克创新,88.19,4.96,3549768
SH603207,小方制药,27.14,4.95,3455826
SZ000668,*ST荣控,4.88,4.95,10663762
SZ300229,拓尔思,18.03,4.95,29384019
SZ000837,秦川机床,12.51,4.95,46352740
SH688435,英方软件,30.14,4.94,895597
SZ002713,*ST东易,4.25,4.94,38270013
SH688648,中邮科技,25.5,4.94,2340933
SZ000415,渤海租赁,3.19,4.93,111849760
SH688227,品高股份,35.38,4.92,1374194
SH603236,移远通信,75.11,4.9,7869049
SH603863,松炀资源,12.43,4.89,4392300
SH603773,沃格光电,22.84,4.87,4258359
SZ002052,*ST同洲,8.84,4.86,30246629
SH605398,新炬网络,30.19,4.86,6054276
SZ300929,华骐环保,9.3,4.85,2687140
SZ300846,首都在线,19.69,4.85,41016400
SH688071,华依科技,36.26,4.83,1658878
SH600398,海澜之家,8.25,4.83,47205512
SH688096,京源环保,18.05,4.82,1978485
SH688693,锴威特,30.9,4.82,998108
SH600635,大众公用,3.71,4.8,36938697
SZ300747,锐科激光,18.02,4.77,7998371
SZ002933,新兴装备,32.71,4.77,7506800
SH600262,北方股份,20.9,4.76,9550000
SZ002657,中科金财,20.45,4.76,22741000
SZ300364,中文在线,20.99,4.74,23334687
SH600638,新黄浦,5.31,4.73,19708642
SH603989,艾华集团,15.1,4.72,6294077
SZ000665,湖北广电,4.69,4.69,33161417
SZ301336,趣睡科技,66.9,4.69,1654200
SH688236,春立医疗,14.98,4.68,3534177
SZ000892,欢瑞世纪,3.58,4.68,62829655
SH688393,安必平,31.3,4.68,4106494
SZ301372,科净源,19.1,4.66,3548008
SZ300755,华致酒行,17.29,4.66,6150244
SZ000880,潍柴重机,35.26,4.66,18769988
SZ000565,渝三峡A,7.18,4.66,99065243
SZ002757,南兴股份,18.67,4.65,11380027
SZ301121,紫建电子,49.81,4.64,1545400
SZ200726,鲁泰B,4.07,4.63,217284
SZ300622,博士眼镜,41.01,4.62,9761990
SH600933,爱柯迪,16.34,4.61,10419000
SH605287,德才股份,12.51,4.6,5593820
SZ002496,*ST辉丰,1.37,4.58,46174858
SZ002265,建设工业,20.78,4.58,13795600
SZ003011,海象新材,16.22,4.58,3481360
SZ300237,美晨科技,1.6,4.58,50930300
SH603237,五芳斋,20.59,4.57,6499384
SZ000737,北方铜业,9.18,4.56,47871100
SZ002188,中天服务,4.82,4.56,9185101
SZ301021,英诺激光,28.48,4.55,3097600
SH688229,博睿数据,49.37,4.55,1004490
SH688577,浙海德曼,59.63,4.52,646475
SZ002543,万和电气,11.34,4.52,5349500
SH600624,复旦复华,6.24,4.52,15119618
SZ002189,中光学,18.3,4.51,4050695
SZ300740,水羊股份,12.79,4.49,10364531
SH688292,浩瀚深度,19.61,4.48,1195106
SZ301021,英诺激光,28.46,4.48,3097800
SH600354,敦煌种业,6.06,4.48,37075363
SH600620,天宸股份,4.91,4.47,8286655
SH600545,卓郎智能,2.11,4.46,22795100
SH688626,翔宇医疗,37.33,4.45,1262358
SH600739,辽宁成大,10.12,4.44,15748386
SH603679,华体科技,12.0,4.44,3003900
SZ000681,视觉中国,20.45,4.44,36558367
SZ002183,怡亚通,4.94,4.44,70410117
SH600675,中华企业,2.82,4.44,54628038
SZ002535,林州重机,3.77,4.43,16418830
SZ300689,澄天伟业,33.21,4.43,773400
SH605319,无锡振华,32.75,4.43,2088700
SH603118,共进股份,9.21,4.42,21580601
SH688591,泰凌微,39.1,4.41,5828733
SH688023,安恒信息,47.24,4.4,3045676
SH688333,铂力特,66.37,4.39,1879552
SH600960,渤海汽车,3.83,4.36,18650200
SZ300992,泰福泵业,21.81,4.35,800900
SZ300358,楚天科技,7.19,4.35,11070400
SH688053,思科瑞,27.1,4.35,671688
SZ002292,奥飞娱乐,8.88,4.35,49061404
SZ002409,雅克科技,54.62,4.34,6381610
SH688216,气派科技,18.26,4.34,751176
SZ002459,晶澳科技,9.85,4.34,55760773
SH688408,中信博,46.53,4.33,4684201
SH603081,大丰实业,11.33,4.33,12593000
SZ300807,天迈科技,38.08,4.33,1607193
SH688788,科思科技,59.15,4.32,2308504
SH600847,万里股份,9.22,4.3,1445200
SH600847,万里股份,9.22,4.3,1445200
SZ300900,广联航空,20.6,4.3,6089900
SZ300779,惠城环保,134.55,4.3,1954457
SZ300469,信息发展,33.69,4.3,5691700
SZ002367,康力电梯,7.05,4.29,13268352
SH688609,九联科技,9.51,4.28,5646306
SH688410,山外山,13.15,4.28,3436349
SH688299,长阳科技,17.53,4.28,7078748
SH600106,重庆路桥,5.36,4.28,20433323
SH688428,诺诚健华-U,21.69,4.28,3547438
SZ301297,富乐德,37.87,4.27,3964800
SZ301178,天亿马,33.68,4.27,1759107
SH688652,京仪装备,60.68,4.26,1308494
SH603023,*ST威帝,3.43,4.26,8692257
SH688058,宝兰德,27.68,4.26,644446
SZ002870,香山股份,34.77,4.26,3589375
SZ301013,利和兴,17.37,4.26,17928667
SZ300025,华星创业,6.66,4.23,7214200
SZ300745,欣锐科技,16.5,4.23,4117000
SH688088,虹软科技,45.93,4.22,3668510
SH603226,菲林格尔,7.44,4.2,7302358
SH600580,卧龙电驱,25.08,4.2,52128434
SZ300547,川环科技,30.75,4.2,5740100
SZ002489,浙江永强,3.49,4.18,53930513
SZ002009,天奇股份,14.97,4.18,33359595
SZ300500,启迪设计,10.98,4.17,3259240
SZ000929,*ST兰黄,6.0,4.17,11408496
SZ002369,卓翼科技,8.75,4.17,36057400
SZ002181,粤传媒,5.5,4.17,16421918
SZ300818,耐普矿机,20.98,4.17,2770754
SZ300115,长盈精密,21.62,4.14,34661600
SZ301191,菲菱科思,81.66,4.13,2189408
SZ002599,盛通股份,8.58,4.13,14945670
SZ002009,天奇股份,14.96,4.11,33377195
SZ300147,ST香雪,6.1,4.1,15218300
SZ002645,华宏科技,7.63,4.09,13547399
SZ002445,中南文化,2.29,4.09,38843220
SZ301536,星宸科技,58.43,4.08,3227300
SH603496,恒为科技,25.34,4.07,8351600
SH688162,巨一科技,24.62,4.06,788455
SH688158,优刻得-W,22.32,4.06,20657341
SH688155,先惠技术,40.8,4.06,1239578
SH688776,国光电气,82.99,4.06,1245320
SZ300493,润欣科技,20.02,4.05,15881100
SZ002369,卓翼科技,8.74,4.05,36061400
SH603313,梦百合,7.98,4.04,30363776
SZ002164,宁波东力,8.5,4.04,67461013
SZ301061,匠心家居,69.81,4.04,870530
SH688469,芯联集成-U,4.63,4.04,41497883
SZ001222,源飞宠物,14.92,4.04,4470620
SH688020,方邦股份,33.3,4.03,404998
SZ300210,森远股份,9.3,4.03,6594506
SZ301052,果麦文化,34.98,4.01,7336261
SH688095,福昕软件,67.2,4.01,2285037
SZ002892,科力尔,15.56,4.01,8731121
SH600475,华光环能,9.34,4.01,8302700
SH688772,珠海冠宇,12.74,4.0,16634207
SZ300339,润和软件,51.4,3.99,37791142
SZ300324,旋极信息,3.66,3.98,39293016
SH603686,福龙马,12.55,3.98,18288418
SZ300324,旋极信息,3.66,3.98,39293016
SH603686,福龙马,12.55,3.98,18296818
SZ300249,依米康,13.34,3.98,20880500
SZ000010,美丽生态,2.62,3.97,12754100
SZ300942,易瑞生物,8.91,3.97,5310200
SH688327,云从科技-UW,13.63,3.97,24766792
SZ300365,恒华科技,5.77,3.96,10144366
SZ300141,和顺电气,8.66,3.96,2664300
SZ301162,国能日新,63.09,3.95,1337700
SH603931,格林达,30.0,3.95,1790000
SZ301396,宏景科技,85.01,3.95,10311586
SZ002848,*ST高斯,5.28,3.94,10993717
SH603818,曲美家居,2.9,3.94,11127800
SZ001256,炜冈科技,21.69,3.93,2894000
SZ001266,宏英智能,23.55,3.93,1213880
SZ300147,ST香雪,6.09,3.92,15219000
SH688702,盛科通信-U,66.15,3.91,1052075
SZ000570,苏常柴A,5.33,3.9,12171050
SZ300275,梅安森,12.82,3.89,5694477
SZ002291,遥望科技,5.87,3.89,28453945
SH603119,浙江荣泰,46.62,3.88,10430410
SH688156,路德环境,15.81,3.88,2988447
SH688433,华曙高科,40.02,3.87,910531
SZ002623,亚玛顿,14.51,3.87,2023700
SH688382,益方生物-U,22.25,3.87,5654616
SZ002436,兴森科技,11.82,3.87,37049854
SZ002577,雷柏科技,20.44,3.86,8456200
SH600889,南京化纤,17.24,3.86,17053800
SZ000656,*ST金科,1.35,3.85,69175693
SH688376,美埃科技,36.41,3.85,643290
SZ000656,*ST金科,1.35,3.85,69175693
SH688376,美埃科技,36.41,3.85,643290
SH688213,思特威-W,99.45,3.85,2559723
SZ001228,永泰运,21.38,3.84,2003000
SH600227,赤天化,2.17,3.83,36289100
SH688207,格灵深瞳,13.28,3.83,2550102
SZ002506,协鑫集成,2.17,3.83,63549900
SZ300245,天玑科技,16.25,3.83,11334300
SZ300437,清水源,7.05,3.83,8338600
SZ002496,*ST辉丰,1.36,3.82,46183858
SH688290,景业智能,47.25,3.82,860888
SZ301199,迈赫股份,33.72,3.82,2267600
SH603890,春秋电子,11.42,3.82,12974262
SZ300657,弘信电子,27.16,3.82,20025720
SZ301221,光庭信息,48.76,3.81,1831805
SZ000608,*ST阳光,1.64,3.8,26050135
SH688030,山石网科,15.59,3.79,677520
SH688228,开普云,62.58,3.78,1556397
SH688001,华兴源创,24.7,3.78,1851926
SH688085,三友医疗,18.13,3.78,664039
SZ002374,中锐股份,2.47,3.78,12502900
SZ002422,科伦药业,34.16,3.77,21006396
SH603660,苏州科达,6.61,3.77,14439358
SZ002054,德美化工,6.35,3.76,12693500
SH603315,福鞍股份,12.97,3.76,9355527
SZ000890,法尔胜,3.32,3.75,7782600
SH600887,伊利股份,29.87,3.75,56004895
SH605080,浙江自然,25.79,3.74,3864240
SH688233,神工股份,28.58,3.74,7218732
SH600973,宝胜股份,4.44,3.74,26714080
SZ002981,朝阳科技,22.74,3.74,3085940
SZ000826,启迪环境,1.67,3.73,28909480
SZ301380,挖金客,46.33,3.72,1745000
SZ002373,千方科技,9.22,3.71,16307600
SZ301568,思泰克,33.54,3.71,1801900
SZ001373,翔腾新材,28.55,3.71,792806
SH603730,岱美股份,7.84,3.7,4415332
SH605303,园林股份,8.98,3.7,1908100
SH688235,百济神州-U,256.01,3.69,1471569
SH600340,华夏幸福,2.25,3.69,63668646
SZ002663,普邦股份,1.69,3.68,25312800
SH688345,博力威,20.57,3.68,1012662
SZ002193,如意集团,5.07,3.68,6484700
SZ301029,怡合达,22.81,3.68,7336484
SZ301259,艾布鲁,32.41,3.68,2888487
SH600817,宇通重工,11.29,3.67,2924685
SH603636,南威软件,12.16,3.67,8544000
SZ300248,新开普,13.83,3.67,19165121
SZ300449,汉邦高科,7.34,3.67,5524380
SH600556,天下秀,4.81,3.66,27070600
SH688260,昀冢科技,13.33,3.65,2125613
SH688561,奇安信-U,30.71,3.64,4801135
SZ300608,思特奇,10.84,3.63,6766124
SZ301378,通达海,25.39,3.63,1109960
SH603306,华懋科技,34.56,3.63,3351500
SH688502,茂莱光学,298.8,3.62,620870
SZ301596,瑞迪智驱,120.9,3.62,829700
SZ300551,古鳌科技,8.3,3.62,8672800
SH603982,泉峰汽车,8.32,3.61,3676700
SZ300766,每日互动,39.88,3.61,45186417
SZ002875,安奈儿,12.93,3.61,5973093
SZ300762,上海瀚讯,20.4,3.61,8592100
SH688670,金迪克,11.79,3.6,627352
SZ300400,劲拓股份,15.81,3.6,2753000
SZ001256,炜冈科技,21.62,3.59,2895600
SZ300995,奇德新材,34.08,3.59,4150400
SZ000839,中信国安,2.6,3.59,25067450
SZ002878,元隆雅图,14.48,3.58,6495290
SH603636,南威软件,12.15,3.58,8544100
SZ300996,普联软件,20.31,3.57,7489920
SZ300938,信测标准,29.85,3.57,3269395
SZ002620,ST瑞和,3.48,3.57,49323266
SH603501,韦尔股份,133.0,3.57,16514096
SZ300352,北信源,4.65,3.56,24781500
SH600166,福田汽车,2.62,3.56,102550783
SH688185,康希诺,56.43,3.56,863206
SZ300649,杭州园林,11.08,3.55,1472200
SH603277,银都股份,21.96,3.54,1922700
SZ300598,诚迈科技,43.42,3.53,3395764
SZ300555,ST路通,9.98,3.53,1430900
SZ000027,深圳能源,6.45,3.53,26142250
SZ300287,飞利信,5.28,3.53,47504800
SZ002977,天箭科技,29.92,3.53,2383240
SH603838,*ST四通,4.41,3.52,7135040
SZ300654,世纪天鸿,10.28,3.52,8434000
SH603598,引力传媒,16.17,3.52,4821200
SH603386,骏亚科技,10.58,3.52,3626091
SZ300994,久祺股份,15.6,3.52,14796873
SH688022,瀚川智能,13.56,3.51,2127493
SH600846,同济科技,9.43,3.51,10370739
SZ300170,汉得信息,20.08,3.51,81496728
SZ002501,利源股份,2.07,3.5,67621300
SZ300565,科信技术,10.64,3.5,4388100
SZ300551,古鳌科技,8.29,3.5,8673900
SZ300616,尚品宅配,12.45,3.49,3384200
SH603682,锦和商管,5.63,3.49,24116575
SZ002869,金溢科技,23.76,3.48,2794649
SH688561,奇安信-U,30.66,3.48,4811235
SZ002310,*ST东园,2.09,3.47,29689475
SH600281,华阳新材,4.17,3.47,72666964
SZ301169,零点有数,36.4,3.47,700600
SZ300550,和仁科技,12.27,3.46,1517151
SZ300999,金龙鱼,32.11,3.45,7906395
SH600218,全柴动力,8.39,3.45,4751400
SZ301032,新柴股份,13.27,3.43,4376800
SH688360,德马科技,23.86,3.42,3988728
SZ300875,捷强装备,25.42,3.42,1693750
SH688316,青云科技-U,55.9,3.42,1665418
SZ000029,深深房A,15.76,3.41,3534055
SH603189,网达软件,18.5,3.41,7890400
SH603168,莎普爱思,6.7,3.4,5463600
SZ300250,初灵信息,14.61,3.4,3455400
SZ300480,光力科技,13.09,3.4,4051199
SZ002955,鸿合科技,23.73,3.4,2995800
SH688160,步科股份,102.88,3.4,711999
SZ002829,星网宇达,17.06,3.39,2830544
SH688066,航天宏图,17.1,3.39,2734330
SZ301171,易点天下,26.85,3.39,12793900
SH900936,鄂资B股,0.948,3.38,1839441
SZ002045,国光电器,14.16,3.36,14137406
SZ002506,协鑫集成,2.16,3.35,63559900
SZ300902,国安达,16.68,3.35,1747240
SZ002343,慈文传媒,6.78,3.35,20054635
SZ002898,*ST赛隆,6.17,3.35,4872049
SH603166,福达股份,15.44,3.35,12326660
SZ301171,易点天下,26.84,3.35,12794900
SH600734,实达集团,4.02,3.34,28631900
SH603363,*ST傲农,3.71,3.34,15458585
SH605088,冠盛股份,35.53,3.34,4093597
SZ002495,佳隆股份,2.48,3.33,23749007
SZ300552,万集科技,26.34,3.33,2244200
SZ002808,*ST恒久,3.1,3.33,3434748
SZ301273,瑞晨环保,22.96,3.33,441600
SZ300530,领湃科技,25.43,3.33,4038100
SZ300287,飞利信,5.27,3.33,47505100
SH605081,*ST太和,11.2,3.32,2101225
SZ002678,珠江钢琴,4.36,3.32,6285410
SH688080,映翰通,42.7,3.31,892173
SZ002184,海得控制,11.55,3.31,5818983
SH600668,尖峰集团,12.49,3.31,19372493
SZ301017,漱玉平民,11.27,3.3,3804600
SH603918,金桥信息,18.79,3.3,26400109
SZ300460,惠伦晶体,8.45,3.3,8635413
SZ002622,皓宸医疗,2.51,3.29,9571000
SZ300124,汇川技术,69.33,3.29,14575391
SZ301128,强瑞技术,70.32,3.29,1646400
SZ002414,高德红外,8.17,3.29,22877873
SZ002259,ST升达,3.15,3.28,6865402
SH601865,福莱特,15.13,3.28,10580566
SH600104,上汽集团,16.1,3.27,37778683
SZ002605,姚记科技,27.18,3.27,8743960
SZ300571,平治信息,33.52,3.27,17350220
SZ300323,华灿光电,6.66,3.26,9352000
SH688550,瑞联新材,38.0,3.26,3531866
SH688279,峰岹科技,235.07,3.25,569375
SZ300591,万里马,5.1,3.24,14488070
SZ002819,东方中科,26.76,3.24,4173700
SH688335,复洁环保,10.51,3.24,743316
SZ301182,凯旺科技,33.14,3.24,1832500
SH688114,华大智造,77.33,3.24,2244260
SH601799,星宇股份,130.68,3.23,706178
SZ000938,紫光股份,25.22,3.23,27079890
SZ301608,博实结,78.25,3.23,821326
SZ300607,拓斯达,28.2,3.22,8125100
SH600633,浙数文化,14.1,3.22,30414100
SZ301326,捷邦科技,56.6,3.21,448500
SZ300383,光环新网,14.47,3.21,42578900
SH605118,力鼎光电,18.66,3.21,3195900
SZ301321,翰博高新,13.87,3.2,1740500
SH603039,泛微网络,70.17,3.19,2258911
SH688010,福光股份,42.36,3.19,2003474
SZ301067,显盈科技,26.5,3.19,1677240
SH601700,风范股份,4.2,3.19,14387502
SH688365,光云科技,12.33,3.18,7675026
SH688680,海优新材,36.34,3.18,829035
SH688167,炬光科技,64.48,3.18,1293969
SH688509,正元地信,3.58,3.17,4069063
SH603722,阿科力,38.38,3.17,639027
SZ300111,向日葵,2.93,3.17,8079700
SZ002897,意华股份,40.75,3.16,5064900
SH603906,龙蟠科技,9.78,3.16,5552400
SZ002199,*ST东晶,4.89,3.16,4447486
SZ300793,佳禾智能,15.34,3.16,8020600
SZ002414,高德红外,8.16,3.16,22883873
SH603083,剑桥科技,34.34,3.15,7985836
SZ002718,友邦吊顶,13.77,3.15,1047200
SZ301139,元道通信,27.16,3.15,3138300
SZ003007,直真科技,28.83,3.15,1418000
SH688320,禾川科技,45.0,3.14,4433830
SZ002425,ST凯文,2.3,3.14,15915920
SZ300912,凯龙高科,12.8,3.14,1110807
SH605081,*ST太和,11.18,3.14,2101425
SZ003041,真爱美家,30.19,3.14,1141616
SZ002951,*ST金时,8.24,3.13,727100
SZ301318,维海德,30.32,3.13,2213205
SH603920,世运电路,26.4,3.13,10560774
SZ000838,财信发展,2.31,3.13,9573300
SH603628,清源股份,11.52,3.13,4764850
SZ002865,钧达股份,40.02,3.12,5278993
SZ002387,维信诺,8.59,3.12,11016600
SZ002980,华盛昌,24.77,3.12,1273900
SZ300888,稳健医疗,53.7,3.11,3574781
SZ300525,博思软件,14.92,3.11,12004531
SH600243,*ST海华,2.33,3.1,12797759
SZ002069,獐子岛,3.67,3.09,5858948
SH603138,海量数据,13.69,3.09,2070725
SZ300153,科泰电源,30.06,3.09,16860400
SH603063,禾望电气,30.05,3.09,9394495
SZ002709,天赐材料,17.4,3.08,14944474
SH688266,泽璟制药-U,106.27,3.08,1566490
SZ300949,奥雅股份,30.54,3.07,658800
SZ300541,先进数通,13.44,3.07,27460360
SZ003043,华亚智能,55.18,3.06,1216100
SZ002993,奥海科技,36.72,3.06,1443560
SH688091,上海谊众,43.8,3.06,1113526
SH601456,国联民生,9.76,3.06,36297302
SZ000533,顺钠股份,5.74,3.05,14457020
SZ301068,大地海洋,36.12,3.05,254990
SH603215,比依股份,15.9,3.05,6742700
SZ003019,宸展光电,29.07,3.05,2475589
SZ002946,新乳业,16.87,3.05,4842101
SZ002881,美格智能,48.95,3.05,11388636
SH688475,萤石网络,34.27,3.04,1261243
SH688230,芯导科技,44.76,3.04,486031
SZ000783,长江证券,6.45,3.04,48509391
SZ300591,万里马,5.09,3.04,14490070
SH688173,希荻微,13.2,3.04,5513630
SZ300044,ST赛为,3.05,3.04,90675271
SZ300168,万达信息,7.46,3.04,16037057
SZ300533,冰川网络,22.75,3.03,11109400
SH603369,今世缘,47.67,3.03,5883900
SZ301101,明月镜片,49.0,3.03,5514500
SZ301153,中科江南,23.15,3.03,2419980
SH600691,阳煤化工,2.05,3.02,16631610
SZ002171,楚江新材,8.86,3.02,5272500
SZ002402,和而泰,19.47,3.02,22202200
SZ300268,*ST佳沃,8.9,3.01,793500
SZ002273,水晶光电,19.49,3.01,21117689
SH688671,碧兴物联,18.13,3.01,292552
SZ301248,杰创智能,21.58,3.01,4689450
SH603716,塞力医疗,10.6,3.01,26945857
SH688202,美迪西,29.56,3.0,1700609
SH603787,新日股份,11.0,3.0,3493100
SZ002232,启明信息,16.84,3.0,2938826
SZ002501,利源股份,2.06,3.0,67673600
SZ301168,通灵股份,27.44,3.0,663100
SZ002195,岩山科技,5.15,3.0,144846507
SH600076,康欣新材,2.07,2.99,13095801
SH603619,中曼石油,16.17,2.99,10305700
SZ002244,滨江集团,10.35,2.99,16830127
SZ301122,采纳股份,19.27,2.99,891700
SZ300075,数字政通,16.22,2.98,9043460
SZ300991,创益通,20.37,2.98,2980980
SH603803,瑞斯康达,8.99,2.98,3443800
SH603219,富佳股份,14.58,2.97,2403700
SZ300767,震安科技,9.71,2.97,3525278
SZ301629,矽电股份,175.0,2.97,1171600
SZ002329,皇氏集团,3.12,2.97,34875208
SZ300333,兆日科技,11.1,2.97,7200000
SH603139,康惠制药,19.84,2.96,1841750
SH603825,华扬联众,11.47,2.96,2818000
SH603663,三祥新材,23.64,2.96,6748900
SZ002512,达华智能,4.17,2.96,16896270
SZ002103,广博股份,9.39,2.96,13459300
SZ300730,科创信息,11.86,2.95,3918950
SZ300071,福石控股,4.9,2.94,19423200
SZ002222,福晶科技,35.33,2.94,7583759
SH600408,安泰集团,1.75,2.94,14911150
SZ301339,通行宝,22.74,2.94,2855121
SZ301520,万邦医药,37.1,2.94,689700
SH688017,绿的谐波,144.75,2.93,1948498
SZ300017,网宿科技,11.61,2.93,50054073
SH688078,龙软科技,31.22,2.93,349657
SZ301302,华如科技,20.42,2.92,1342400
SZ300588,熙菱信息,11.64,2.92,1793700
SZ002652,扬子新材,2.82,2.92,5425300
SZ301308,江波龙,77.6,2.92,2531053
SZ002761,浙江建投,8.49,2.91,12624060
SZ000520,凤凰航运,4.24,2.91,11859700
SZ300830,金现代,8.13,2.91,9119000
SH688267,中触媒,25.15,2.91,599805
SH688343,云天励飞-U,55.23,2.91,5373210
SH688329,艾隆科技,15.56,2.91,503435
SH603308,应流股份,20.48,2.91,9275144
SH600151,航天机电,6.37,2.91,7098050
SZ002171,楚江新材,8.85,2.91,5272700
SH603026,石大胜华,34.38,2.9,1139400
SZ300264,佳创视讯,5.33,2.9,6621900
SZ300359,全通教育,5.34,2.89,6117550
SZ300956,英力股份,17.09,2.89,3213010
SZ002244,滨江集团,10.34,2.89,16842627
SZ300925,法本信息,21.44,2.88,8170200
SZ002319,乐通股份,9.65,2.88,2329300
SZ002622,皓宸医疗,2.5,2.88,9571300
SZ301428,世纪恒通,36.75,2.88,1640900
SZ300663,科蓝软件,15.37,2.88,8442978
SZ002044,美年健康,5.35,2.88,49826982
SZ301132,满坤科技,25.69,2.88,1532100
SZ002100,天康生物,6.42,2.88,38377838
SZ002660,茂硕电源,8.92,2.88,2800400
SZ002660,茂硕电源,8.92,2.88,2800400
SH688039,当虹科技,34.01,2.87,1356548
SZ000676,智度股份,7.89,2.87,14782468
SH600460,士兰微,25.1,2.87,16709384
SZ000533,顺钠股份,5.73,2.87,14457820
SH603212,赛伍技术,9.31,2.87,4261700
SZ301295,美硕科技,21.86,2.87,530620
SH603206,嘉环科技,16.48,2.87,2358000
SZ002949,华阳国际,13.6,2.87,1602400
SH603803,瑞斯康达,8.98,2.86,3445200
SH688573,信宇人,17.64,2.86,1085385
SZ300559,佳发教育,10.44,2.86,2454300
SZ300736,百邦科技,9.36,2.86,3013600
SZ301291,明阳电气,42.84,2.86,1167400
SH688060,云涌科技,33.2,2.85,150318
SH688272,富吉瑞,21.68,2.85,1112258
SZ002243,力合科创,8.3,2.85,7300407
SH900939,汇丽B,0.325,2.85,206700
SZ002602,ST华通,7.61,2.84,122281962
SZ300098,高新兴,4.71,2.84,22310244
SZ300872,天阳科技,15.19,2.84,5214369
SH688309,恒誉环保,15.22,2.84,610986
SZ300155,安居宝,4.36,2.83,6867600
SH603031,安孚科技,26.55,2.83,893080
SZ002222,福晶科技,35.29,2.83,7588059
SH688392,骄成超声,50.95,2.83,690861
SH600058,五矿发展,7.27,2.83,6300420
SZ300803,指南针,59.69,2.83,12352430
SZ002659,凯文教育,4.73,2.83,7314301
SH688171,纬德信息,20.07,2.82,2921974
SH688171,纬德信息,20.07,2.82,2921974
SH688079,美迪凯,8.74,2.82,1673794
SZ300603,立昂技术,10.57,2.82,8044400
SZ002995,天地在线,17.59,2.81,2730700
SZ002384,东山精密,25.59,2.81,22597818
SH600770,综艺股份,4.03,2.81,5221620
SZ300173,福能东方,5.48,2.81,10859100
SH605228,神通科技,10.25,2.81,2912273
SZ002261,拓维信息,32.88,2.81,142966830
SZ002748,ST世龙,8.77,2.81,2413900
SZ300802,矩子科技,17.95,2.81,2517356
SH603800,洪田股份,22.72,2.81,11978807
SZ300492,华图山鼎,97.13,2.8,451060
SH688127,蓝特光学,23.53,2.8,3696767
SZ002418,康盛股份,3.3,2.8,55333750
SZ301611,珂玛科技,56.25,2.8,1180052
SH688237,超卓航科,23.49,2.8,356480
SZ002195,岩山科技,5.14,2.8,144906907
SZ002778,中晟高科,16.91,2.8,1854280
SH600644,乐山电力,12.49,2.8,67697847
SH688521,芯原股份,94.99,2.79,5528205
SH688099,晶晨股份,70.46,2.79,2859803
SZ002105,信隆健康,7.38,2.79,9396100
SZ000586,汇源通信,9.57,2.79,3067300
SZ000952,广济药业,5.52,2.79,2620740
SZ301086,鸿富瀚,41.62,2.79,587850
SH603667,五洲新春,36.48,2.79,9868670
SZ300369,绿盟科技,7.03,2.78,10549000
SH603296,华勤技术,66.44,2.78,4538920
SZ300872,天阳科技,15.18,2.78,5214469
SZ301360,荣旗科技,44.9,2.77,384700
SH688682,霍莱沃,33.38,2.77,532543
SZ301213,观想科技,44.89,2.77,511010
SZ000711,*ST京蓝,1.86,2.76,25282632
SZ002756,永兴材料,30.85,2.76,5325743
SH600332,白云山,26.42,2.76,8255416
SZ002558,巨人网络,14.9,2.76,24217752
SZ301197,工大科雅,15.28,2.76,972900
SZ000700,模塑科技,7.11,2.75,10724000
SH688692,达梦数据,363.53,2.75,386751
SH603275,众辰科技,37.0,2.75,608000
SZ300491,通合科技,16.86,2.74,3272800
SH600203,福日电子,8.63,2.74,10744300
SZ300042,朗科科技,24.73,2.74,7400550
SH600671,ST目药,13.49,2.74,3290853
SH600120,浙江东方,6.03,2.73,48393187
SZ002775,文科股份,3.39,2.73,4330300
SH603956,威派格,6.39,2.73,7614083
SH688610,埃科光电,35.06,2.72,208728
SH688618,三旺通信,20.37,2.72,510117
SZ300499,高澜股份,18.12,2.72,6839694
SZ301129,瑞纳智能,20.46,2.71,2255471
SH603520,司太立,8.34,2.71,6059634
SZ002379,宏创控股,9.87,2.71,8128340
SZ300256,星星科技,4.17,2.71,34475100
SZ001314,亿道信息,43.59,2.71,2434500
SZ002600,领益智造,7.95,2.71,67676822
SZ002747,埃斯顿,19.69,2.71,11327466
SH603990,麦迪科技,14.03,2.71,8753545
SH605228,神通科技,10.24,2.71,2913573
SZ300412,迦南科技,4.92,2.71,6222350
SZ300222,科大智能,9.85,2.71,9165400
SZ300650,太龙股份,15.16,2.71,7611075
SH600649,城投控股,4.54,2.71,29015960
SZ002197,ST证通,4.92,2.71,10773100
SZ300662,科锐国际,33.8,2.7,2464835
SH601117,中国化学,7.62,2.7,47049706
SZ002602,ST华通,7.6,2.7,122384162
SH688638,誉辰智能,28.91,2.7,157265
SH603988,中电电机,20.54,2.7,1824300
SZ002454,松芝股份,7.23,2.7,7217427
SZ000100,TCL科技,4.19,2.7,161346784
SZ300563,神宇股份,35.14,2.69,2717580
SZ000586,汇源通信,9.56,2.69,3067500
SH603908,牧高笛,24.03,2.69,1703580
SH600192,长城电工,6.48,2.69,2866200
SZ300496,中科创达,55.26,2.69,5224599
SZ002474,榕基软件,6.52,2.68,6407000
SH603068,博通集成,33.33,2.68,3321695
SH600085,同仁堂,36.38,2.68,10126834
SH603895,天永智能,27.21,2.68,600700
SH603297,永新光学,87.29,2.67,581100
SH600185,格力地产,6.53,2.67,28696483
SH688244,永信至诚,38.04,2.67,537711
SZ301157,华塑科技,44.97,2.67,599000
SZ301299,卓创资讯,58.04,2.67,848754
SZ300134,大富科技,11.14,2.67,5280600
SZ300668,杰恩设计,17.28,2.67,382800
SZ001387,雪祺电气,12.67,2.67,1542320
SZ002580,圣阳股份,11.94,2.67,12662621
SH688047,龙芯中科,131.1,2.66,1138006
SH600506,统一股份,18.88,2.66,4509000
SH603005,晶方科技,28.52,2.66,15829293
SZ300520,科大国创,21.23,2.66,3817502
SH600448,华纺股份,2.71,2.65,8484160
SH600530,交大昂立,4.65,2.65,3238100
SH600725,云维股份,3.1,2.65,12156570
SZ002178,延华智能,5.8,2.65,5805400
SZ002105,信隆健康,7.37,2.65,9396500
SZ301266,宇邦新材,29.83,2.65,1352500
SH603700,宁水集团,11.65,2.64,3057500
SH600619,海立股份,11.28,2.64,19077300
SZ300032,金龙机电,4.27,2.64,12674500
SH600405,动力源,4.68,2.63,5812700
SH600148,长春一东,17.92,2.63,1112300
SH605277,新亚电子,16.0,2.63,3100180
SH603489,八方股份,25.02,2.63,1402600
SZ300915,海融科技,32.87,2.62,611100
SZ301337,亚华电子,26.64,2.62,594300
SZ301379,天山电子,29.01,2.62,2055360
SH603997,继峰股份,12.55,2.62,7085000
SZ301187,欧圣电气,32.11,2.62,2172500
SZ001229,魅视科技,31.32,2.62,559500
SZ000609,*ST中迪,2.36,2.61,3064203
SZ300698,万马科技,33.77,2.61,1424400
SZ001896,豫能控股,4.32,2.61,47992062
SH600167,联美控股,5.91,2.6,6176895
SH601360,三六零,10.25,2.6,65805798
SZ002406,远东传动,7.12,2.59,15003400
SH688625,呈和科技,49.19,2.59,953144
SH688400,凌云光,27.46,2.58,5146615
SZ300113,顺网科技,18.66,2.58,11686365
SH603881,数据港,32.55,2.58,26090508
SZ300134,大富科技,11.13,2.58,5280700
SZ300936,中英科技,35.38,2.58,470500
SH688496,清越科技,7.58,2.57,1166816
SH603098,森特股份,9.97,2.57,2929400
SZ300479,神思电子,19.58,2.57,3339100
SZ001319,铭科精技,25.14,2.57,1395100
SZ300650,太龙股份,15.14,2.57,7612675
SZ300786,国林科技,13.21,2.56,3324940
SZ000917,电广传媒,7.22,2.56,15549300
SZ300669,沪宁股份,21.66,2.56,422200
SZ300869,康泰医学,13.6,2.56,4743462
SH688429,时创能源,13.21,2.56,541915
SZ300959,线上线下,38.47,2.56,1063600
SZ002129,TCL中环,7.65,2.55,34218675
SZ301357,北方长龙,32.63,2.55,971000
SZ301198,喜悦智行,10.07,2.55,1825843
SH600595,中孚实业,4.02,2.55,20497188
SH688395,正弦电气,19.74,2.55,923244
SH603350,安乃达,32.92,2.55,624193
SZ301220,亚香股份,78.47,2.55,1146900
SH601996,丰林集团,2.01,2.55,7824400
SZ002983,芯瑞达,19.67,2.55,2563977
SZ300645,正元智慧,14.08,2.55,1744300
SH900910,海立B股,0.363,2.54,284013
SH600658,电子城,4.04,2.54,5871900
SH600192,长城电工,6.47,2.54,2868200
SZ300626,华瑞股份,9.31,2.53,2081400
SZ300118,东方日升,8.92,2.53,9130700
SZ300738,奥飞数据,23.47,2.53,42428733
SH603991,至正股份,54.38,2.53,978300
SH688057,金达莱,11.36,2.53,573776
SH603997,继峰股份,12.54,2.53,7085900
SZ002072,凯瑞德,4.46,2.53,2437000
SH600741,华域汽车,17.43,2.53,7194291
SH600185,格力地产,6.52,2.52,28697883
SZ301030,仕净科技,17.49,2.52,2700909
SH600266,城建发展,4.88,2.52,13286670
SH600159,大龙地产,2.44,2.52,16418800
SZ002845,同兴达,13.02,2.52,4837520
SZ002514,宝馨科技,4.48,2.52,36578600
SZ300085,银之杰,31.77,2.52,12197600
SH600578,京能电力,4.07,2.52,114172260
SZ300450,先导智能,19.92,2.52,10322029
SH600841,动力新科,5.3,2.51,5882272
SH603089,正裕工业,10.6,2.51,3293200
SZ301315,威士顿,46.48,2.51,906800
SH688130,晶华微,26.51,2.51,387393
SZ002117,东港股份,11.83,2.51,5550100
SZ002526,山东矿机,3.67,2.51,41662954
SZ002050,三花智控,26.69,2.5,53987028
SH605366,宏柏新材,5.74,2.5,3968140
SZ002822,ST中装,3.28,2.5,1849600
SH600100,同方股份,6.98,2.5,19456711
SZ002719,麦趣尔,7.83,2.49,9480000
SH600392,盛和资源,10.71,2.49,17562200
SZ001328,登康口腔,47.31,2.49,1829000
SZ300615,欣天科技,11.95,2.49,1377033
SZ300615,欣天科技,11.95,2.49,1377033
SH600649,城投控股,4.53,2.49,29019260
SZ300647,超频三,5.36,2.49,7709200
SZ002377,国创高新,2.89,2.48,15117700
SH688373,盟科药业-U,6.19,2.48,6995091
SZ002520,日发精机,5.78,2.48,14512450
SZ002178,延华智能,5.79,2.48,5806600
SZ300757,罗博特科,132.4,2.48,2457137
SZ301135,瑞德智能,24.08,2.47,1093300
SZ002587,奥拓电子,5.81,2.47,46142235
SZ002975,博杰股份,29.09,2.47,1008824
SH603272,联翔股份,16.21,2.47,713300
SZ002137,实益达,7.48,2.47,9516200
SZ300269,联建光电,3.74,2.47,5154520
SZ001328,登康口腔,47.3,2.47,1829100
SZ002405,四维图新,8.33,2.46,15858501
SZ002123,梦网科技,13.73,2.46,27904675
SZ300557,理工光科,31.26,2.46,836120
SZ300921,南凌科技,25.42,2.46,2283985
SZ300341,麦克奥迪,15.47,2.45,2438400
SZ301512,智信精密,37.6,2.45,446500
SZ300380,安硕信息,48.15,2.45,3471500
SH605358,立昂微,24.66,2.45,9114152
SH600956,新天绿能,7.52,2.45,7758459
SZ000100,TCL科技,4.18,2.45,161361084
SZ300656,民德电子,23.54,2.44,2691518
SH603038,华立股份,13.86,2.44,2153130
SZ300354,东华测试,40.67,2.44,1554300
SZ300246,宝莱特,7.14,2.44,4541302
SH600202,哈空调,5.04,2.44,6361300
SH600202,哈空调,5.04,2.44,6361300
SH603662,柯力传感,67.46,2.44,6120868
SZ300602,飞荣达,19.39,2.43,7359700
SH603344,星德胜,23.64,2.43,1608000
SZ000623,吉林敖东,16.04,2.43,10359714
SZ002117,东港股份,11.82,2.43,5550500
SH600716,凤凰股份,3.39,2.42,6180200
SH688131,皓元医药,40.61,2.42,2725866
SH601126,四方股份,17.38,2.42,12448121
SH601218,吉鑫科技,3.39,2.42,33193600
SZ301108,洁雅股份,27.46,2.42,1027183
SZ002771,真视通,15.25,2.42,3093890
SH603978,深圳新星,13.57,2.42,1785100
SZ301105,鸿铭股份,31.46,2.41,540600
SH688008,澜起科技,76.1,2.41,9717382
SH603533,掌阅科技,19.58,2.41,9545400
SZ300291,百纳千成,4.69,2.4,12011500
SZ002830,名雕股份,13.2,2.4,1230900
SZ300442,润泽科技,47.41,2.4,12721285
SZ002849,威星智能,17.06,2.4,2554250
SZ301238,瑞泰新材,16.62,2.4,2823500
SH603272,联翔股份,16.2,2.4,714700
SH601777,千里科技,8.97,2.4,28930599
SH688599,天合光能,13.23,2.4,15870922
SH600004,白云机场,9.0,2.39,19026352
SH688518,联赢激光,15.83,2.39,3025086
SZ002309,*ST中利,2.57,2.39,4660700
SZ300058,蓝色光标,8.57,2.39,58836201
SH688217,睿昂基因,21.55,2.38,238191
SZ300341,麦克奥迪,15.46,2.38,2440500
SZ301002,崧盛股份,16.36,2.38,775270
SZ000931,中关村,4.74,2.38,10968851
SZ002106,莱宝高科,9.47,2.38,8100000
SZ002400,省广集团,7.3,2.38,50823400
SH603528,多伦科技,7.73,2.38,5672200
SZ002962,五方光电,13.82,2.37,2298520
SZ300582,英飞特,12.09,2.37,1873000
SZ300063,天龙集团,8.21,2.37,13938410
SZ301601,惠通科技,34.17,2.37,1633052
SZ300735,光弘科技,24.67,2.37,5141087
SZ300612,宣亚国际,13.9,2.36,2353700
SH688252,天德钰,23.85,2.36,3636300
SZ300310,宜通世纪,6.08,2.36,8662600
SZ000536,华映科技,4.34,2.36,22184414
SZ002559,亚威股份,9.11,2.36,8105200
SH603366,日出东方,9.56,2.36,10657800
SZ300213,佳讯飞鸿,7.82,2.36,7129200
SZ300691,联合光电,16.98,2.35,2255900
SZ000532,华金资本,14.39,2.35,5213700
SZ002649,博彦科技,13.06,2.35,12464500
SH605259,绿田机械,17.01,2.35,3228800
SZ300679,电连技术,47.55,2.35,3064300
SZ002694,顾地科技,4.35,2.35,8320260
SZ300043,星辉娱乐,3.48,2.35,16700200
SZ002139,拓邦股份,13.91,2.35,15625888
SZ300120,经纬辉开,7.83,2.35,4270629
SH601929,吉视传媒,1.75,2.34,39292690
SH600768,宁波富邦,10.05,2.34,3835700
SZ301238,瑞泰新材,16.61,2.34,2823600
SH600568,ST中珠,1.31,2.34,6263620
SZ002782,可立克,12.23,2.34,3246800
SZ300177,中海达,9.62,2.34,6759850
SZ002467,二六三,5.27,2.33,18106380
SZ002517,恺英网络,17.16,2.33,19460061
SZ001283,豪鹏科技,53.22,2.33,983500
SZ002426,胜利精密,2.63,2.33,44580400
SZ001211,双枪科技,22.38,2.33,2137201
SZ002570,贝因美,6.16,2.33,140247479
SZ002863,今飞凯达,4.83,2.33,5995785
SH688028,沃尔德,21.59,2.32,1130015
SH688026,洁特生物,14.55,2.32,1446071
SH688450,光格科技,23.52,2.31,135602
SH688251,井松智能,19.05,2.31,472936
SZ301006,迈拓股份,14.15,2.31,622600
SZ300713,英可瑞,14.59,2.31,2914100
SZ300448,浩云科技,6.21,2.31,5672336
SH600266,城建发展,4.87,2.31,13288970
SH688273,麦澜德,28.04,2.3,722982
SH601238,广汽集团,7.99,2.3,13238100
SH688318,财富趋势,136.82,2.3,1042479
SZ002837,英维克,31.64,2.3,9882789
SH603341,龙旗科技,40.94,2.3,1638500
SZ300621,维业股份,8.47,2.29,2040450
SH688277,天智航-U,12.05,2.29,2003283
SZ300989,蕾奥规划,16.96,2.29,2955970
SH688653,康希通信,11.61,2.29,2056784
SZ002679,福建金森,8.5,2.29,1539960
SZ002130,沃尔核材,18.39,2.28,28043200
SZ300678,中科信息,29.56,2.28,2513300
SH688659,元琛科技,7.19,2.28,1573011
SH688711,宏微科技,15.79,2.27,1884572
SH603019,中科曙光,63.66,2.27,14827307
SZ002517,恺英网络,17.15,2.27,19460861
SH603690,至纯科技,25.64,2.27,7711200
SZ002388,ST新亚,3.6,2.27,8483300
SH688589,力合微,25.24,2.27,1010692
SZ301011,华立科技,25.67,2.27,2875800
SZ300166,东方国信,9.92,2.27,12525700
SZ000599,青岛双星,4.53,2.26,14065795
SZ301567,贝隆精密,37.12,2.26,297800
SZ300426,华智数媒,9.97,2.26,2662300
SZ300543,朗科智能,10.39,2.26,5569477
SH600643,爱建集团,4.53,2.26,8054660
SZ002682,龙洲股份,4.08,2.26,8542100
SH688529,豪森智能,16.73,2.26,1313713
SH600363,联创光电,55.14,2.26,3668941
SZ002480,新筑股份,5.42,2.26,10776600
SH603193,润本股份,39.51,2.25,3255008
SZ000429,粤高速A,14.07,2.25,6572708
SZ002206,海利得,4.99,2.25,24783591
SH688380,中微半导,27.77,2.25,2363037
SZ002850,科达利,130.23,2.25,1921470
SZ300197,节能铁汉,1.82,2.25,22611500
SZ300490,华自科技,7.27,2.25,2942510
SZ002328,新朋股份,5.45,2.25,5214500
SZ000503,国新健康,10.49,2.24,9751081
SZ301391,卡莱特,34.88,2.23,319940
SZ300667,必创科技,14.65,2.23,2017300
SZ002837,英维克,31.62,2.23,9892289
SZ300299,富春股份,5.95,2.23,12901270
SZ300989,蕾奥规划,16.95,2.23,2957670
SZ300910,瑞丰新材,61.96,2.23,1939460
SZ300968,格林精密,14.21,2.23,3303601
SZ002526,山东矿机,3.66,2.23,41674254
SZ000409,云鼎科技,11.06,2.22,14838600
SZ300635,中达安,9.66,2.22,1648900
SH603270,金帝股份,24.36,2.22,2406100
SZ300478,杭州高新,11.99,2.22,3006043
SZ300528,幸福蓝海,9.22,2.22,16173985
SZ000776,广发证券,15.67,2.22,19127720
SZ300120,经纬辉开,7.82,2.22,4274429
SZ300467,迅游科技,17.59,2.21,2150700
SH688565,力源科技,7.39,2.21,1987307
SZ002902,铭普光磁,17.1,2.21,2532250
SZ002397,梦洁股份,3.7,2.21,10525900
SH688298,东方生物,22.18,2.21,985885
SH600363,联创光电,55.11,2.21,3670241
SZ301365,矩阵股份,17.22,2.2,1424200
SH688668,鼎通科技,46.4,2.2,1991069
SZ000955,欣龙控股,4.19,2.2,3792000
SZ002493,荣盛石化,8.37,2.2,13174567
SH600391,航发科技,24.13,2.2,10618500
SH600835,上海机电,21.85,2.2,5254300
SH688529,豪森智能,16.72,2.2,1314913
SZ300418,昆仑万维,32.09,2.2,18354278
SZ301159,三维天地,28.93,2.19,660500
SZ300853,申昊科技,21.42,2.19,2650300
SZ301511,德福科技,13.98,2.19,2925140
SH688087,英科再生,23.34,2.19,1575095
SH600366,宁波韵升,7.48,2.19,13884707
SZ301042,安联锐视,31.9,2.18,593200
SH603106,恒银科技,7.97,2.18,3189600
SZ300076,GQY视讯,6.56,2.18,4180200
SH688082,盛美上海,105.3,2.18,1661119
SZ301567,贝隆精密,37.09,2.18,299200
SH605318,法狮龙,29.5,2.18,975300
SZ300787,海能实业,13.57,2.18,2247460
SZ002593,日上集团,4.7,2.17,7222100
SZ300931,通用电梯,6.59,2.17,2106800
SZ002664,信质集团,16.0,2.17,5811700
SH688061,灿瑞科技,28.69,2.17,480524
SZ300536,*ST农尚,9.88,2.17,3941100
SZ300903,科翔股份,7.52,2.17,3092480
SZ300293,蓝英装备,20.69,2.17,2404400
SZ002658,雪迪龙,6.62,2.16,4353900
SZ002544,普天科技,20.79,2.16,2625400
SZ300068,南都电源,14.16,2.16,13080447
SZ300385,雪浪环境,4.73,2.16,2517200
SH603124,江南新材,41.18,2.16,1126789
SZ300435,中泰股份,13.71,2.16,2839510
SZ300895,铜牛信息,46.25,2.16,6730261
SH603108,润达医疗,17.95,2.16,17564316
SH601231,环旭电子,13.69,2.16,6947400
SZ301218,华是科技,19.01,2.15,1235900
SZ301399,英特科技,22.8,2.15,525395
SZ301539,宏鑫科技,18.05,2.15,777200
SH600698,湖南天雁,5.69,2.15,7342500
SZ002340,格林美,6.18,2.15,41842758
SZ002947,恒铭达,31.8,2.15,2077837
SH603916,苏博特,8.09,2.15,7034300
SH605178,时空科技,15.21,2.15,643600
SZ002628,成都路桥,4.28,2.15,13634080
SZ002175,东方智造,4.27,2.15,25535900
SH688416,恒烁股份,38.44,2.15,744052
SZ300399,天利科技,20.47,2.15,4348996
SH600426,华鲁恒升,20.46,2.15,12676034
SZ002739,万达电影,11.4,2.15,18805657
SZ300743,天地数码,16.23,2.14,2007560
SZ301069,凯盛新材,16.74,2.14,13810515
SZ300760,迈瑞医疗,220.46,2.14,4514940
SH603052,可川科技,34.39,2.14,547880
SH600376,首开股份,2.39,2.14,11927800
SH688603,天承科技,73.88,2.14,259518
SZ300812,易天股份,20.08,2.14,1897500
SZ301111,粤万年青,14.34,2.14,752200
SH603639,海利尔,12.87,2.14,3556300
SZ300532,今天国际,11.04,2.13,3090320
SH688669,聚石化学,16.28,2.13,1064943
SZ002115,三维通信,7.2,2.13,21801800
SZ300523,辰安科技,20.17,2.13,1664643
SH600845,宝信软件,26.35,2.13,7761382
SZ000989,ST九芝,9.12,2.13,8774860
SZ002589,瑞康医药,2.89,2.12,18769100
SZ301622,英思特,66.5,2.12,985985
SH603602,纵横通信,15.42,2.12,2898900
SZ002027,分众传媒,7.22,2.12,71525444
SZ300102,乾照光电,10.6,2.12,8865750
SZ300665,飞鹿股份,7.25,2.11,3079701
SH603009,北特科技,44.94,2.11,5774300
SZ000525,ST红太阳,6.77,2.11,11097087
SH603009,北特科技,44.94,2.11,5774300
SZ000525,ST红太阳,6.77,2.11,11097087
SZ300511,雪榕生物,4.84,2.11,13001607
SZ000818,航锦科技,24.25,2.11,23795967
SZ301063,海锅股份,24.22,2.11,1690400
SH600769,祥龙电业,10.2,2.1,3501900
SH688310,迈得医疗,11.16,2.1,888443
SZ300711,广哈通信,20.93,2.1,1756400
SZ001308,康冠科技,20.9,2.1,1533085
SZ002963,豪尔赛,11.16,2.1,782002
SH688556,高测股份,8.75,2.1,4997912
SH600182,S佳通,15.04,2.1,872600
SZ300062,中能电气,4.87,2.1,3948460
SH603516,淳中科技,34.48,2.1,3752300
SZ300861,美畅股份,18.93,2.1,2792936
SZ002448,中原内配,7.79,2.1,11512400
SH603488,展鹏科技,7.3,2.1,1676960
SZ003032,*ST传智,5.38,2.09,6594300
SZ300068,南都电源,14.15,2.09,13081847
SZ002689,远大智能,3.42,2.09,6070700
SZ300814,中富电路,27.86,2.09,1365363
SH600570,恒生电子,25.95,2.08,12263608
SH600518,康美药业,1.96,2.08,107427642
SZ301095,广立微,49.51,2.08,1210800
SZ301631,壹连科技,108.59,2.08,284832
SZ000006,深振业A,6.39,2.08,13379953
SZ002858,力盛体育,11.79,2.08,2804160
SZ300453,三鑫医疗,7.84,2.08,4702959
SZ300868,杰美特,30.93,2.08,1031500
SZ300461,田中精机,18.75,2.07,893000
SZ301313,凡拓数创,21.65,2.07,929100
SZ300825,阿尔特,9.87,2.07,3850900
SZ301193,家联科技,14.8,2.07,372600
SH603150,万朗磁塑,30.76,2.06,829400
SZ002648,卫星化学,18.36,2.06,41771758
SZ002281,光迅科技,42.57,2.06,7620690
SZ301095,广立微,49.5,2.06,1210900
SH688132,邦彦技术,18.79,2.06,865082
SZ300188,国投智能,13.38,2.06,4842900
SH600435,北方导航,10.94,2.05,10058248
SZ002444,巨星科技,23.38,2.05,11606160
SZ300613,富瀚微,47.86,2.05,2357100
SH603106,恒银科技,7.96,2.05,3189700
SH688592,司南导航,39.27,2.05,303523
SH601901,方正证券,7.48,2.05,33531626
SH688685,迈信林,64.63,2.05,1258052
SZ002242,九阳股份,9.47,2.05,2852947
SZ002081,金螳螂,3.49,2.05,14999600
SZ300399,天利科技,20.45,2.05,4349296
SZ300813,泰林生物,17.48,2.04,816093
SZ301163,宏德股份,21.51,2.04,581700
SZ002549,凯美特气,8.49,2.04,30473838
SH603021,ST华鹏,3.0,2.04,30376419
SH688113,联测科技,32.5,2.04,768981
SZ300030,阳普医疗,6.01,2.04,4843100
SZ002664,信质集团,15.98,2.04,5815300
SZ300313,*ST天山,5.0,2.04,3946600
SZ300279,和晶科技,6.5,2.04,4493200
SZ300407,凯发电气,9.98,2.04,2670600
SH688419,耐科装备,33.46,2.04,383009
SZ301001,凯淳股份,29.65,2.03,1047200
SH603042,华脉科技,13.04,2.03,11326600
SH603015,弘讯科技,12.05,2.03,5033100
SH688613,奥精医疗,16.05,2.03,1050088
SZ002368,太极股份,24.14,2.03,4478700
SZ300145,中金环境,3.51,2.03,11847700
SZ300792,壹网壹创,24.14,2.03,3522110
SZ002624,完美世界,13.57,2.03,21493747
SH688383,新益昌,42.88,2.02,266458
SZ301010,晶雪节能,15.68,2.02,1050000
SZ300161,华中数控,27.24,2.02,1816200
SH600316,洪都航空,33.85,2.02,4573791
SH603986,兆易创新,129.28,2.02,20724738
SZ300609,汇纳科技,26.27,2.02,963900
SZ300594,朗进科技,16.16,2.02,754500
SZ300684,中石科技,23.7,2.02,4989242
SZ001269,欧晶科技,21.34,2.01,943060
SH603779,威龙股份,7.1,2.01,4208400
SH900918,耀皮B股,0.304,2.01,73930
SZ301202,朗威股份,40.58,2.01,1400100
SZ300606,金太阳,16.77,2.01,1387000
SH603220,中贝通信,22.81,2.01,8885410
SZ002449,国星光电,8.61,2.01,6884820
SZ301201,诚达药业,20.85,2.01,1903640
SH688328,深科达,18.36,2.0,4359878
SH600527,江南高纤,2.04,2.0,13967600
SZ301503,智迪科技,36.75,2.0,586887
SZ000545,金浦钛业,2.04,2.0,10985500
SZ002363,隆基机械,7.13,2.0,6815930
SZ002380,科远智慧,24.93,2.0,3401900
SZ300080,易成新能,3.59,1.99,8914901
SZ300819,聚杰微纤,24.57,1.99,4451700
SZ301110,青木科技,47.59,1.99,1818706
SH600579,中化装备,7.16,1.99,5382500
SH603822,嘉澳环保,61.5,1.99,1751076
SH600052,东望时代,4.13,1.98,3242500
SZ300768,迪普科技,16.47,1.98,2831550
SZ002340,格林美,6.17,1.98,41843458
SH900901,云赛B股,0.771,1.98,891420
SZ300302,同有科技,13.93,1.98,4588516
SZ300560,中富通,11.83,1.98,2693300
SH601336,新华保险,48.5,1.98,12978563
SZ000551,创元科技,11.82,1.98,3329900
SZ301555,惠柏新材,23.14,1.98,1067285
SH688222,成都先导,15.45,1.98,6350675
SZ002027,分众传媒,7.21,1.98,71548644
SZ300436,广生堂,29.97,1.97,1055600
SZ002843,泰嘉股份,24.82,1.97,9516700
SH600698,湖南天雁,5.68,1.97,7346500
SZ002300,太阳电缆,5.68,1.97,6416200
SZ301275,汉朔科技,56.33,1.97,1743634
SZ300707,威唐工业,13.0,1.96,1979000
SH688523,航天环宇,19.23,1.96,856118
SZ000525,ST红太阳,6.76,1.96,11098396
SZ000793,ST华闻,2.6,1.96,12012601
SZ002420,毅昌科技,5.71,1.96,4093800
SZ002729,好利科技,12.49,1.96,1992100
SH600172,黄河旋风,3.65,1.96,15266422
SZ002795,永和智控,5.21,1.96,7461100
SH600967,内蒙一机,11.44,1.96,14590804
SZ002795,永和智控,5.21,1.96,7463300
SZ300887,谱尼测试,6.75,1.96,4078230
SH603738,泰晶科技,13.54,1.96,2969780
SZ301075,多瑞医药,21.82,1.96,687200
SZ301268,铭利达,16.24,1.95,785600
SH688449,联芸科技,41.35,1.95,1226207
SZ300161,华中数控,27.22,1.95,1824100
SZ300290,荣科科技,16.2,1.95,8817828
SZ301229,纽泰格,24.55,1.95,797200
SH603683,晶华新材,12.04,1.95,4976400
SZ301293,三博脑科,40.3,1.95,2370440
SH688271,联影医疗,131.68,1.95,2378501
SH601089,福元医药,15.65,1.95,1302800
SZ000955,欣龙控股,4.18,1.95,3792100
SZ000031,大悦城,2.62,1.95,12575000
SH603396,金辰股份,23.55,1.95,842250
SZ301499,维科精密,23.57,1.95,819400
SZ000903,云内动力,3.14,1.95,25126978
SH688420,美腾科技,21.0,1.94,229396
SZ301123,奕东电子,18.38,1.94,778200
SH688372,伟测科技,78.11,1.94,1597074
SZ300342,天银机电,15.74,1.94,5140000
SZ002519,银河电子,4.21,1.94,9560810
SH603324,盛剑科技,23.65,1.94,533260
SH600198,大唐电信,7.87,1.94,6887500
SZ300317,珈伟新能,3.67,1.94,20866867
SH605136,丽人丽妆,7.39,1.93,5333900
SZ000972,*ST中基,3.17,1.93,3125900
SZ300427,红相股份,5.28,1.93,6057700
SH688246,嘉和美康,29.11,1.93,3748605
SZ002766,索菱股份,5.27,1.93,4239900
SH688698,伟创电气,49.4,1.92,1170679
SH605599,菜百股份,13.79,1.92,15933460
SZ002549,凯美特气,8.48,1.92,30491538
SZ301263,泰恩康,20.72,1.92,3611160
SZ300206,理邦仪器,11.67,1.92,3178400
SZ002877,智能自控,7.98,1.92,1524310
SZ002551,尚荣医疗,3.19,1.92,5710400
SH600861,北京人力,21.26,1.92,2019200
SZ300554,三超新材,19.14,1.92,619800
SZ301312,智立方,42.56,1.92,633580
SZ000810,创维数字,11.13,1.92,6426800
SZ300182,捷成股份,5.32,1.92,35286525
SZ300252,金信诺,9.55,1.92,8589500
SZ300722,新余国科,27.18,1.91,2332474
SH688720,艾森股份,39.39,1.91,678425
SZ000988,华工科技,40.46,1.91,9185116
SH600998,九州通,5.34,1.91,35532437
SH688691,灿芯股份,58.8,1.91,542841
SH603016,新宏泰,27.18,1.91,538900
SH688489,三未信安,32.62,1.91,280657
SZ301361,众智科技,30.35,1.91,842100
SZ300819,聚杰微纤,24.55,1.91,4453600
SH600400,红豆股份,2.13,1.91,15109800
SH600686,金龙汽车,12.78,1.91,7667600
SZ300370,安控科技,2.67,1.91,9981800
SZ300270,中威电子,6.96,1.9,2865500
SH600661,昂立教育,10.2,1.9,2725800
SH688378,奥来德,18.19,1.9,1209094
SZ000821,京山轻机,10.72,1.9,4963600
SZ300192,科德教育,15.54,1.9,4763804
SZ301362,民爆光电,37.52,1.9,339400
SZ002335,科华数据,41.81,1.9,14123097
SZ000572,海马汽车,3.78,1.89,16276200
SH603337,杰克股份,32.31,1.89,2680200
SZ301550,斯菱股份,106.98,1.89,1592482
SH688719,爱科赛博,25.86,1.89,495754
SZ002855,捷荣技术,16.17,1.89,1457500
SH600482,中国动力,21.61,1.89,7388074
SH600708,光明地产,3.24,1.89,11301536
SZ002801,微光股份,32.3,1.89,1800800
SZ002161,远望谷,5.41,1.88,3709000
SZ300235,方直科技,10.27,1.88,3014200
SZ300781,因赛集团,52.61,1.88,1071357
SH600098,广州发展,6.5,1.88,8989402
SH603610,麒盛科技,10.29,1.88,1163900
SH688651,盛邦安全,31.98,1.88,338341
SZ300279,和晶科技,6.49,1.88,4494000
SH688307,中润光学,28.78,1.88,573117
SZ300162,雷曼光电,6.54,1.87,4657700
SH603709,中源家居,11.43,1.87,2141200
SZ300340,科恒股份,9.25,1.87,2414500
SZ301330,熵基科技,27.81,1.87,1741016
SH603687,大胜达,7.09,1.87,6020595
SZ000032,深桑达A,22.39,1.87,11095628
SH688253,英诺特,30.53,1.87,780816
SZ002883,中设股份,10.34,1.87,1396500
SH600640,国脉文化,11.46,1.87,2936800
SZ300414,中光防雷,7.62,1.87,1885400
SZ300295,三六五网,15.33,1.86,1664600
SZ300414,中光防雷,7.62,1.87,1885400
SZ300295,三六五网,15.33,1.86,1664600
SZ301192,泰祥股份,19.16,1.86,465800
SZ300769,德方纳米,27.95,1.86,2734526
SH603683,晶华新材,12.03,1.86,4977000
SH688175,高凌信息,16.46,1.86,433542
SH600439,瑞贝卡,3.29,1.86,14192000
SH603551,奥普科技,10.41,1.86,904500
SZ300857,协创数据,101.96,1.86,3330497
SZ002091,江苏国泰,7.11,1.86,6137200
SZ300286,安科瑞,22.59,1.85,1623800
SZ301314,科瑞思,35.26,1.85,150130
SH600584,长电科技,33.63,1.85,13916220
SH688367,工大高科,16.0,1.85,443552
SH688358,祥生医疗,28.59,1.85,387969
SZ300566,激智科技,18.19,1.85,2376200
SH688348,昱能科技,40.68,1.85,847709
SZ301580,爱迪特,51.7,1.85,526890
SH688359,三孚新科,46.24,1.85,400816
SZ301252,同星科技,33.59,1.85,700382
SH600990,四创电子,18.73,1.85,2128960
SZ300183,东软载波,16.5,1.85,3089100
SZ301348,蓝箭电子,22.59,1.85,1632700
SH688107,安路科技,27.12,1.84,1217614
SH600476,湘邮科技,15.52,1.84,2854900
SH603960,克来机电,17.68,1.84,2571900
SH688165,埃夫特-U,23.85,1.84,8186873
SZ300424,航新科技,14.4,1.84,2407800
SH600959,江苏有线,3.32,1.84,13964147
SZ300983,尤安设计,17.18,1.84,268752
SZ300583,赛托生物,19.5,1.83,1465340
SZ301045,天禄科技,20.63,1.83,537300
SZ300053,航宇微,11.66,1.83,4568900
SZ000631,顺发恒业,2.79,1.82,4829607
SZ301366,一博科技,45.29,1.82,899400
SZ301102,兆讯传媒,10.05,1.82,1182515
SH603327,福蓉科技,11.16,1.82,1951055
SZ300123,亚光科技,5.6,1.82,9177603
SZ300179,四方达,8.94,1.82,5689700
SH600548,深高速,11.19,1.82,2256800
SZ002929,润建股份,49.75,1.82,8538800
SH688583,思看科技,109.46,1.82,301882
SH688355,明志科技,17.33,1.82,584154
SH600455,博通股份,24.06,1.82,689804
SH688579,山大地纬,9.53,1.82,2396628
SZ002212,天融信,7.26,1.82,10734977
SH688551,科威尔,26.44,1.81,286649
SH688189,南新制药,6.18,1.81,2145638
SZ300430,诚益通,16.3,1.81,2897800
SZ301066,万事利,14.62,1.81,5634400
SZ300987,川网传媒,15.2,1.81,1322100
SH600733,北汽蓝谷,7.33,1.81,52067908
SZ000410,沈阳机床,6.75,1.81,8954518
SH688757,胜科纳米,23.65,1.81,1385068
SH603311,金海高科,10.14,1.81,1445600
SZ300990,同飞股份,46.88,1.8,1492720
SZ300224,正海磁材,12.44,1.8,5592800
SZ000701,厦门信达,5.1,1.8,8942100
SH600099,林海股份,10.17,1.8,2220700
SH688109,品茗科技,28.84,1.8,530437
SZ002420,毅昌科技,5.7,1.79,4094300
SZ300295,三六五网,15.32,1.79,1664900
SZ002767,先锋电子,15.89,1.79,1963700
SZ300886,华业香料,22.16,1.79,1380150
SZ002162,悦心健康,3.97,1.79,12978653
SZ300566,激智科技,18.18,1.79,2379400
SZ301502,华阳智能,35.84,1.79,393900
SZ300508,维宏股份,28.95,1.79,429780
SH605218,伟时电子,20.45,1.79,862100
SH603069,海汽集团,18.2,1.79,3214400
SH600990,四创电子,18.72,1.79,2129060
SZ301136,招标股份,10.84,1.78,895400
SH600775,南京熊猫,9.14,1.78,4888400
SZ000829,天音控股,9.72,1.78,5544500
SZ002612,朗姿股份,15.97,1.78,6852126
SZ002248,华东数控,8.02,1.78,4538000
SZ002177,御银股份,4.57,1.78,13049600
SZ301009,可靠股份,12.01,1.78,4788400
SH603767,中马传动,14.86,1.78,8398720
SH900940,大名城B,0.23,1.77,1600
SZ300337,银邦股份,10.36,1.77,4867110
SH688183,生益电子,25.88,1.77,5359212
SH688249,晶合集成,21.28,1.77,4793189
SH603375,盛景微,33.38,1.77,844400
SZ301056,森赫股份,8.64,1.77,1039300
SZ002733,雄韬股份,14.37,1.77,4521200
SZ300112,万讯自控,8.07,1.77,2220300
SZ002791,坚朗五金,23.04,1.77,2951000
SZ003020,立方制药,24.11,1.77,12331973
SZ300241,瑞丰光电,5.19,1.76,5847700
SH603829,洛凯股份,15.05,1.76,1548600
SH600843,上工申贝,10.98,1.76,5053200
SH600630,龙头股份,8.08,1.76,3975400
SZ300632,光莆股份,11.57,1.76,1942000
SZ002077,大港股份,13.89,1.76,4275500
SH603936,博敏电子,7.52,1.76,5164600
SZ002238,天威视讯,8.08,1.76,3629930
SH688507,索辰科技,78.6,1.75,684395
SH603076,乐惠国际,23.3,1.75,676400
SZ000697,ST炼石,6.4,1.75,3383501
SZ000856,冀东装备,9.9,1.75,2584300
SZ300581,晨曦航空,9.32,1.75,3703300
SZ301205,联特科技,62.38,1.75,801000
SH688379,华光新材,25.52,1.75,4012896
SZ002097,山河智能,6.98,1.75,9080100
SZ002676,顺威股份,5.82,1.75,3470000
SZ002965,祥鑫科技,49.87,1.75,5448600
SZ301172,君逸数码,25.57,1.75,555600
SZ300143,盈康生命,9.28,1.75,2914900
SH603901,永创智能,9.88,1.75,5827400
SH600819,耀皮玻璃,5.24,1.75,3199500
SH603356,华菱精工,12.24,1.75,642900
SH605258,协和电子,27.96,1.75,418100
SH603176,汇通集团,4.65,1.75,3277500
SZ002081,金螳螂,3.48,1.75,15000800
SZ002268,电科网安,15.1,1.75,4147300
SZ300688,创业黑马,27.84,1.75,3139500
SH603130,云中马,24.44,1.75,1256700
SZ002591,恒大高新,5.25,1.74,6956900
SZ002696,百洋股份,5.27,1.74,4576100
SZ002591,恒大高新,5.25,1.74,6956900
SZ002696,百洋股份,5.27,1.74,4576100
SZ002334,英威腾,7.61,1.74,7363400
SZ300289,利德曼,4.68,1.74,2025700
SH603232,格尔软件,12.89,1.74,1784900
SZ300605,恒锋信息,16.34,1.74,14551572
SZ300046,台基股份,30.97,1.74,4226700
SZ300666,江丰电子,74.26,1.74,2979963
SZ300346,南大光电,39.19,1.74,9068470
SZ300732,设研院,6.43,1.74,2329240
SZ000727,冠捷科技,2.34,1.74,35020720
SZ000501,武商集团,9.38,1.74,10662611
SZ002092,ST中泰,4.68,1.74,11030601
SZ301358,湖南裕能,27.63,1.73,8749080
SZ301517,陕西华达,46.39,1.73,942900
SZ300642,透景生命,13.53,1.73,835200
SZ301598,博科测试,60.7,1.73,351000
SH600606,绿地控股,1.76,1.73,38886850
SZ002010,传化智联,5.3,1.73,17847848
SZ002398,垒知集团,4.7,1.73,8632800
SZ002152,广电运通,12.38,1.73,11921495
SZ300016,北陆药业,6.48,1.73,3395300
SZ300474,景嘉微,68.38,1.73,3294100
SZ301024,霍普股份,27.66,1.73,603800
SZ300961,深水海纳,14.12,1.73,5217600
SZ002823,凯中精密,13.53,1.73,2206300
SZ002777,久远银海,17.6,1.73,5236300
SZ000058,深赛格,8.22,1.73,4265700
SZ002812,恩捷股份,27.59,1.73,3202850
SZ300272,开能健康,5.91,1.72,3783135
SZ301120,新特电气,8.87,1.72,3914000
SH688503,聚和材料,31.94,1.72,2615924
SH600998,九州通,5.33,1.72,35534537
SZ300276,三丰智能,11.83,1.72,22272020
SZ300314,戴维医疗,11.85,1.72,1651700
SZ001278,一彬科技,16.0,1.72,788900
SZ003005,竞业达,30.72,1.72,1354300
SZ002654,万润科技,11.25,1.72,6319800
SH688766,普冉股份,88.6,1.72,2334616
SZ002695,煌上煌,10.06,1.72,4318000
SZ002681,奋达科技,7.08,1.72,26330988
SH603333,尚纬股份,5.31,1.72,6466901
SZ300253,卫宁健康,10.07,1.72,35687338
SH688631,莱斯信息,77.45,1.72,493313
SH600054,黄山旅游,11.8,1.72,5900413
SZ300941,创识科技,22.5,1.72,2857400
SZ002578,闽发铝业,2.96,1.72,4901300
SZ300694,蠡湖股份,13.03,1.72,1378200
SZ301487,盟固利,17.73,1.72,2390100
SZ300417,南华仪器,11.23,1.72,1208100
SZ300688,创业黑马,27.83,1.72,3139600
SZ001326,联域股份,32.1,1.71,486200
SH688558,国盛智科,23.84,1.71,577016
SZ301150,中一科技,19.65,1.71,545721
SH603778,国晟科技,2.97,1.71,6465175
SZ000421,南京公用,5.96,1.71,5742200
SZ300966,共同药业,16.08,1.71,785600
SZ300288,朗玛信息,13.69,1.71,3744440
SH688718,唯赛勃,11.32,1.71,378768
SH603375,盛景微,33.36,1.71,844600
SH601828,美凯龙,2.98,1.71,8746660
SH688137,近岸蛋白,32.7,1.71,114426
SZ000519,中兵红箭,16.66,1.71,10179874
SH603767,中马传动,14.85,1.71,8398820
SZ301125,腾亚精工,11.94,1.7,1109084
SH601233,桐昆股份,10.74,1.7,11034300
SZ300884,狄耐克,10.17,1.7,1709600
SH600156,华升股份,5.39,1.7,3818000
SH600178,东安动力,10.79,1.7,3505700
SZ300708,聚灿光电,11.39,1.7,8505480
SZ002662,峰璟股份,3.61,1.69,8106300
SZ002798,帝欧家居,4.22,1.69,5342300
SH688209,英集芯,19.24,1.69,1948716
SZ300348,长亮科技,12.66,1.69,9679800
SZ301358,湖南裕能,27.62,1.69,8750180
SZ001317,三羊马,37.32,1.69,945027
SZ301586,佳力奇,46.3,1.69,294490
SZ300301,*ST长方,1.8,1.69,3119904
SZ300438,鹏辉能源,22.81,1.69,3189400
SZ300486,东杰智能,6.63,1.69,3611500
SH600654,中安科,3.0,1.69,12901500
SH600673,东阳光,9.61,1.69,6379700
SZ300509,新美星,7.89,1.68,2865000
SH605179,一鸣食品,21.22,1.68,5021400
SH600048,保利发展,8.47,1.68,39741329
SZ002655,共达电声,12.71,1.68,11938500
SZ002574,明牌珠宝,5.45,1.68,10505300
SH688448,磁谷科技,27.3,1.68,422357
SH600520,三佳科技,29.11,1.68,1347100
SH603177,德创环保,7.88,1.68,1838900
SZ300907,康平科技,23.54,1.68,548400
SZ002241,歌尔股份,21.2,1.68,23913300
SH600037,歌华有线,7.25,1.68,7129701
SZ300619,金银河,24.19,1.68,758230
SZ300027,华谊兄弟,2.42,1.68,34521386
SZ300315,掌趣科技,4.85,1.68,25737980
SZ001296,长江材料,17.06,1.67,761820
SZ000546,金圆股份,4.27,1.67,5085649
SH688636,智明达,41.43,1.67,580385
SZ002554,惠博普,2.43,1.67,12142600
SZ300074,华平股份,4.27,1.67,7944600
SH601727,上海电气,7.29,1.67,62042872
SZ002338,奥普光电,37.84,1.67,2394600
SH688498,源杰科技,113.57,1.67,660709
SZ000678,襄阳轴承,11.56,1.67,22111800
SH603703,盛洋科技,10.35,1.67,1795780
SZ300512,中亚股份,7.35,1.66,1156900
SH603859,能科科技,30.69,1.66,2202296
SZ300970,华绿生物,12.88,1.66,1726200
SH603229,奥翔药业,7.94,1.66,5161827
SZ002413,雷科防务,4.29,1.66,6424206
SH600996,贵广网络,8.59,1.66,4785955
SH688148,芳源股份,4.28,1.66,3476383
SZ300939,秋田微,28.22,1.66,308500
SZ300419,ST浩丰,4.29,1.66,6297360
SH603551,奥普科技,10.39,1.66,905000
SZ002119,康强电子,15.28,1.66,3832000
SZ002884,凌霄泵业,15.94,1.66,1833600
SH603179,新泉股份,39.9,1.66,1952100
SZ300572,安车检测,17.89,1.65,2109170
SH603170,宝立食品,12.97,1.65,1685100
SZ000020,深华发A,11.69,1.65,965700
SZ301628,强达电路,77.05,1.65,421900
SZ002518,科士达,22.3,1.64,4359232
SZ300432,富临精工,19.19,1.64,27628490
SH600288,大恒科技,8.69,1.64,4894500
SH603085,天成自控,11.17,1.64,4089620
SZ002152,广电运通,12.37,1.64,11921795
SZ002472,双环传动,32.94,1.64,6084841
SZ300600,ST瑞科,8.68,1.64,1868900
SZ301176,逸豪新材,16.21,1.63,905600
SH688092,爱科科技,20.61,1.63,244721
SZ300702,天宇股份,21.8,1.63,2012903
SH600718,东软集团,9.99,1.63,13115300
SZ301356,天振股份,15.56,1.63,1282860
SZ002999,天禾股份,6.24,1.63,5372800
SZ301152,天力锂能,21.87,1.63,847400
SH688308,欧科亿,16.82,1.63,465996
SZ002568,百润股份,26.76,1.63,7804300
SZ300061,旗天科技,11.2,1.63,6105590
SH600855,航天长峰,10.62,1.63,1899100
SZ301528,多浦乐,43.71,1.63,300309
SH603729,龙韵股份,15.06,1.62,1859920
SZ301322,绿通科技,23.23,1.62,535050
SH603390,通达电气,10.06,1.62,2082500
SH600035,楚天高速,4.4,1.62,12658976
SZ002585,双星新材,5.03,1.62,5446360
SZ000572,海马汽车,3.77,1.62,16281600
SZ002636,金安国纪,8.14,1.62,3633600
SZ300790,宇瞳光学,21.32,1.62,5949000
SZ002585,双星新材,5.03,1.62,5446360
SZ000572,海马汽车,3.77,1.62,16281600
SZ002636,金安国纪,8.14,1.62,3633600
SZ300790,宇瞳光学,21.32,1.62,5949000
SZ002705,新宝股份,13.77,1.62,3145400
SH900917,海欣B股,0.251,1.62,239240
SZ002456,欧菲光,11.29,1.62,31013900
SH600255,鑫科材料,3.13,1.62,26361150
SH600683,京投发展,3.77,1.62,5036501
SZ301025,读客文化,9.41,1.62,5211900
SZ300190,维尔利,3.16,1.61,4430400
SZ300693,盛弘股份,29.64,1.61,4786214
SH600114,东睦股份,20.25,1.61,7733340
SZ300232,洲明科技,6.94,1.61,7088500
SZ001311,多利科技,27.08,1.61,765100
SZ300816,艾可蓝,29.02,1.61,1618400
SZ002773,康弘药业,28.38,1.61,5265878
SH600055,万东医疗,17.63,1.61,2310200
SZ000619,海螺新材,5.67,1.61,3847200
SZ301276,嘉曼服饰,20.81,1.61,1166200
SH688283,坤恒顺维,25.43,1.6,155974
SH688150,莱特光电,23.44,1.6,2251226
SZ000701,厦门信达,5.09,1.6,8944500
SZ300459,汤姆猫,5.08,1.6,54182302
SZ002431,棕榈股份,1.9,1.6,10157101
SH688661,和林微纳,42.42,1.6,1778237
SZ301097,天益医疗,35.53,1.6,223400
SZ300967,晓鸣股份,19.0,1.6,4724700
SZ000909,ST数源,5.72,1.6,984800
SZ300958,建工修复,11.46,1.6,958000
SZ000909,ST数源,5.72,1.6,984800
SZ300958,建工修复,11.46,1.6,958000
SZ300455,航天智装,12.04,1.6,2819800
SZ300619,金银河,24.17,1.6,758530
SH600604,市北高新,4.46,1.59,6754914
SH600503,华丽家族,2.56,1.59,21908500
SZ000710,贝瑞基因,12.12,1.59,8965300
SH600880,博瑞传播,4.46,1.59,7459000
SZ301237,和顺科技,23.66,1.59,166310
SH600006,东风股份,7.02,1.59,11408700
SZ300706,阿石创,20.42,1.59,556800
SZ002922,伊戈尔,15.37,1.59,3142600
SZ300077,国民技术,24.95,1.59,13768000
SH600713,南京医药,5.12,1.59,7296680
SZ002086,东方海洋,2.55,1.59,19009100
SZ301393,昊帆生物,47.27,1.59,1283700
SH688721,龙图光罩,44.33,1.58,274512
SZ002862,实丰文化,24.38,1.58,3602550
SH688097,博众精工,25.65,1.58,3234453
SH605111,新洁能,30.93,1.58,3674504
SZ002635,安洁科技,12.82,1.58,2519600
SH603717,天域生物,7.09,1.58,5028320
SZ002241,歌尔股份,21.18,1.58,23913400
SZ300050,世纪鼎利,5.13,1.58,6300600
SZ300096,ST易联众,3.89,1.57,2091003
SZ000615,*ST美谷,3.24,1.57,17541400
SH600560,金自天正,14.91,1.57,1073700
SZ001313,粤海饲料,8.43,1.57,2923800
SH603228,景旺电子,27.88,1.57,5388300
SZ002617,露笑科技,7.12,1.57,18409200
SZ002241,歌尔股份,21.18,1.58,23913400
SZ300050,世纪鼎利,5.13,1.58,6300600
SZ300096,ST易联众,3.89,1.57,2091003
SZ000615,*ST美谷,3.24,1.57,17541400
SH600560,金自天正,14.91,1.57,1073700
SZ001313,粤海饲料,8.43,1.57,2923800
SH603228,景旺电子,27.88,1.57,5388300
SZ002617,露笑科技,7.12,1.57,18409200
SZ301208,中亦科技,38.72,1.57,2015100
SH688052,纳芯微,193.72,1.57,1712520
SZ003015,日久光电,14.22,1.57,7913500
SZ300393,中来股份,5.16,1.57,8116800
SZ002290,禾盛新材,25.39,1.56,1121300
SH605577,龙版传媒,12.38,1.56,2000400
SH600048,保利发展,8.46,1.56,39752529
SH600501,航天晨光,18.89,1.56,3642700
SH603190,亚通精工,20.82,1.56,349900
SZ002312,川发龙蟒,11.07,1.56,10712800
SH603222,济民健康,5.86,1.56,2599100
SZ002351,漫步者,13.01,1.56,3998334
SH600540,新赛股份,4.55,1.56,19111800
SZ002536,飞龙股份,14.98,1.56,5742216
SZ002852,道道全,9.78,1.56,22560967
SZ301551,无线传媒,47.53,1.56,560964
SH688353,华盛锂电,21.63,1.55,267807
SZ301439,泓淋电力,14.4,1.55,1654300
SH600562,国睿科技,20.92,1.55,2450140
SH603949,雪龙集团,17.73,1.55,1763500
SZ300215,电科院,5.25,1.55,3461700
SH603177,德创环保,7.87,1.55,1839100
SZ300489,光智科技,43.83,1.55,653400
SZ300148,天舟文化,4.59,1.55,24672968
SZ301180,万祥科技,13.11,1.55,1592300
SZ300231,银信科技,11.16,1.55,7160190
SH601519,大智慧,8.54,1.55,13524312
SZ301522,上大股份,31.41,1.55,871727
SZ002896,中大力德,88.91,1.55,4533593
SZ301602,超研股份,24.38,1.54,1603666
SZ002696,百洋股份,5.26,1.54,4577100
SH600523,贵航股份,11.87,1.54,1429100
SZ300752,隆利科技,18.42,1.54,1267900
SZ002305,*ST南置,1.32,1.54,122056777
SH688339,亿华通-U,20.38,1.54,684932
SH600199,金种子酒,9.92,1.54,3424800
SZ301606,绿联科技,38.89,1.54,927718
SH603059,倍加洁,21.73,1.54,396200
SZ000759,中百集团,7.92,1.54,32088200
SZ301309,万得凯,23.96,1.53,490800
SZ002698,博实股份,16.6,1.53,6271920
SZ000068,华控赛格,3.31,1.53,3374035
SZ300719,安达维尔,15.28,1.53,1765881
SZ301004,嘉益股份,101.85,1.53,435598
SH605001,威奥股份,6.63,1.53,3032800
SZ300655,晶瑞电材,8.6,1.53,9246382
SH601727,上海电气,7.28,1.53,62051972
SZ001267,汇绿生态,7.98,1.53,2642600
SZ300086,康芝药业,4.66,1.53,6674500
SH600207,安彩高科,3.98,1.53,4133600
SZ301519,舜禹股份,12.6,1.53,703100
SZ300433,蓝思科技,20.63,1.53,20357886
SZ001267,汇绿生态,7.98,1.53,2642600
SZ300086,康芝药业,4.66,1.53,6674500
SH600207,安彩高科,3.98,1.53,4133600
SZ301519,舜禹股份,12.6,1.53,703100
SH688212,澳华内镜,44.18,1.52,929916
SZ002971,和远气体,18.68,1.52,732100
SZ003029,吉大正元,20.06,1.52,1274900
SZ002403,爱仕达,14.07,1.52,3145700
SH601858,中国科传,18.66,1.52,1121700
SZ002712,思美传媒,5.33,1.52,5547000
SZ300251,光线传媒,19.31,1.52,33786875
SZ300410,正业科技,5.35,1.52,7128800
SZ300521,爱司凯,21.35,1.52,2100986
SZ002320,海峡股份,6.01,1.52,7963618
SZ002724,海洋王,6.01,1.52,13827300
SZ002721,ST金一,2.68,1.52,9487500
SH605138,盛泰集团,6.03,1.52,2392200
SH688258,卓易信息,46.9,1.52,2774901
SH688584,上海合晶,16.83,1.51,1329848
SZ300031,宝通科技,22.89,1.51,6239300
SZ200553,安道麦B,2.02,1.51,122500
SZ300856,科思股份,20.2,1.51,1429699
SH603328,依顿电子,8.72,1.51,4520600
SZ301279,金道科技,24.13,1.51,1253176
SZ000555,神州信息,10.74,1.51,6476633
SZ301528,多浦乐,43.66,1.51,302009
SZ002475,立讯精密,30.99,1.51,60321779
SZ300489,光智科技,43.81,1.51,653500
SZ300260,新莱应材,31.79,1.5,10990300
SZ301602,超研股份,24.37,1.5,1603766
SH600831,ST广网,2.71,1.5,5493579
SH603933,睿能科技,15.53,1.5,1287800
SH600331,宏达股份,6.75,1.5,11691200
SZ002996,顺博合金,6.82,1.49,7638990
SZ300151,昌红科技,12.91,1.49,2591214
SZ300737,科顺股份,4.76,1.49,4354520
SZ300623,捷捷微电,29.35,1.49,4289803
SH600676,交运股份,4.1,1.49,8267100
SH688275,万润新能,35.33,1.49,698888
SZ002785,万里石,27.28,1.49,1714100
SH605255,天普股份,15.62,1.49,884900
SZ300578,会畅通讯,17.7,1.49,1464200
SZ301278,快可电子,31.35,1.49,292440
SZ002916,深南电路,109.67,1.49,2314948
SZ000669,ST金鸿,2.04,1.49,5508800
SZ000948,南天信息,17.01,1.49,6244298
SZ300503,昊志机电,23.19,1.49,4721900
SH600699,均胜电子,16.35,1.49,12561300
SH688560,明冠新材,12.33,1.48,575337
SZ301578,辰奕智能,44.45,1.48,409737
SH603797,联泰环保,4.12,1.48,2616000
SH600308,华泰股份,3.43,1.48,15167960
SZ300319,麦捷科技,10.27,1.48,4505700
SZ301070,开勒股份,55.5,1.48,324500
SZ300219,鸿利智汇,6.17,1.48,3953700
SZ300292,吴通控股,4.81,1.48,13378500
SH688193,仁度生物,36.33,1.48,138001
SZ300099,尤洛卡,6.17,1.48,5154203
SZ300601,康泰生物,13.74,1.48,3573180
SH605060,联德股份,17.17,1.48,639700
SZ300601,康泰生物,13.74,1.48,3573180
SH605060,联德股份,17.17,1.48,639700
SZ002805,丰元股份,11.0,1.48,1215040
SZ002357,富临运业,7.58,1.47,2338000
SH688607,康众医疗,16.59,1.47,432347
SZ301289,国缆检测,46.93,1.47,445600
SH688391,钜泉科技,27.64,1.47,276159
SZ300488,恒锋工具,33.04,1.47,1913200
SZ300890,翔丰华,24.85,1.47,882200
SH688361,中科飞测,79.25,1.47,1472916
SH603615,茶花股份,21.34,1.47,1168700
SZ002284,亚太股份,11.06,1.47,13001200
SZ300011,鼎汉技术,6.92,1.47,3634509
SH601798,蓝科高新,6.91,1.47,5360200
SZ300870,欧陆通,106.8,1.47,2000522
SH688623,双元科技,58.75,1.47,149722
SZ300020,*ST银江,3.44,1.47,12445500
SZ301267,华厦眼科,18.65,1.47,1726272
SZ002811,郑中设计,8.97,1.47,1498037
SZ300795,米奥会展,20.03,1.47,1222350
SZ300570,太辰光,69.56,1.47,7629715
SH600755,厦门国贸,6.23,1.47,9817202
SZ300097,ST智云,4.17,1.46,1727100
SZ300673,佩蒂股份,15.29,1.46,4580620
SZ000011,深物业A,8.34,1.46,2356460
SZ002093,国脉科技,11.13,1.46,19420500
SH900916,凤凰B股,0.347,1.46,56900
SH600791,京能置业,4.17,1.46,4053100
SZ300845,捷安高科,13.21,1.46,1143012
SH600543,莫高股份,4.85,1.46,3992600
SH900916,凤凰B股,0.347,1.46,56900
SH600791,京能置业,4.17,1.46,4053100
SZ300845,捷安高科,13.21,1.46,1143112
SZ300719,安达维尔,15.27,1.46,1766881
SH600543,莫高股份,4.85,1.46,3992600
SZ300957,贝泰妮,41.75,1.46,1814972
SZ002146,荣盛发展,1.39,1.46,51039100
SZ002579,中京电子,7.63,1.46,3412320
SH688689,银河微电,23.0,1.46,554675
SZ300195,长荣股份,6.26,1.46,4672300
SZ003016,欣贺股份,6.94,1.46,1746700
SZ002952,亚世光电,18.19,1.45,676700
SH603290,斯达半导,82.71,1.45,819630
SH600523,贵航股份,11.86,1.45,1430400
SH603113,金能科技,6.29,1.45,19964095
SZ300265,通光线缆,7.68,1.45,3718100
SH601339,百隆东方,4.91,1.45,10012000
SH600537,亿晶光电,2.79,1.45,7225900
SZ301060,兰卫医学,9.07,1.45,1852500
SH600071,凤凰光学,19.59,1.45,1242401
SH600825,新华传媒,6.29,1.45,10330720
SZ301161,唯万密封,20.93,1.45,1141700
SZ300636,同和药业,7.05,1.44,1793370
SZ001215,千味央厨,26.82,1.44,886400
SZ002468,申通快递,10.57,1.44,5986800
SZ002818,富森美,13.37,1.44,1218600
SZ300201,海伦哲,4.92,1.44,7069366
SZ300452,山河药辅,12.01,1.44,2123816
SZ300371,汇中股份,10.6,1.44,1220301
SZ300386,飞天诚信,16.24,1.44,9331040
SH600096,云天化,22.6,1.44,14748900
SZ002245,蔚蓝锂芯,12.65,1.44,10798400
SH600684,珠江股份,3.53,1.44,7113320
SH600137,浪莎股份,15.54,1.44,1020500
SH603617,君禾股份,7.05,1.44,2651800
SH688612,威迈斯,24.09,1.43,591311
SZ301328,维峰电子,38.22,1.43,855600
SZ002031,巨轮智能,8.53,1.43,59874710
SZ300739,明阳电路,12.06,1.43,2832150
SZ300889,爱克股份,15.67,1.42,604400
SH603637,镇海股份,9.99,1.42,2908720
SH688401,路维光电,34.33,1.42,1905764
SZ301369,联动科技,47.73,1.42,210400
SH688686,奥普特,91.34,1.42,336585
SZ301459,丰茂股份,49.3,1.42,802812
SH605100,华丰股份,20.65,1.42,1758121
SH603701,德宏股份,16.48,1.42,1160300
SZ301359,东南电子,26.44,1.42,843108
SZ300444,双杰电气,6.42,1.42,10606200
SZ000963,华东医药,37.94,1.42,4352362
SZ300542,新晨科技,18.61,1.42,12701976
SZ301113,雅艺科技,25.0,1.42,568300
SH688353,华盛锂电,21.6,1.41,268807
SZ300363,博腾股份,15.12,1.41,4167100
SZ002725,跃岭股份,11.5,1.41,5017300
SZ301226,祥明智能,26.69,1.41,1358400
SZ300692,中环环保,5.76,1.41,1750883
SZ002835,同为股份,17.22,1.41,1041200
SH688381,帝奥微,21.65,1.41,1476984
SZ002885,京泉华,12.96,1.41,2995780
SZ301173,毓恬冠佳,44.97,1.4,340262
SH600601,方正科技,4.35,1.4,22447915
SZ002697,红旗连锁,5.8,1.4,44828540
SZ002429,兆驰股份,4.34,1.4,15677250
SH600906,财达证券,6.5,1.4,6887100
SZ000408,藏格矿业,36.34,1.4,2118494
SZ002736,国信证券,10.87,1.4,11964700
SZ001215,千味央厨,26.81,1.4,888100
SZ002021,中捷资源,2.18,1.4,14097029
SZ300977,深圳瑞捷,15.98,1.4,722387
SH603987,康德莱,7.23,1.4,2339800
SZ300579,数字认证,26.77,1.4,1673800
SZ002358,森源电气,5.07,1.4,7381800
SH603200,上海洗霸,35.4,1.4,2701500
SZ301320,豪江智能,16.69,1.4,1186700
SZ002919,名臣健康,15.26,1.4,1441500
SH688339,亿华通-U,20.35,1.4,685301
SZ002217,*ST合泰,2.17,1.4,37903052
SZ300504,天邑股份,13.74,1.4,983506
SZ300639,凯普生物,5.12,1.39,2217000
SH600133,东湖高新,8.76,1.39,4771302
SZ300878,维康药业,14.57,1.39,643160
SZ002741,光华科技,15.28,1.39,4144200
SZ301581,黄山谷捷,49.49,1.39,423800
SH603668,天马科技,13.16,1.39,4090220
SZ301557,常友科技,72.75,1.39,269200
SZ002056,横店东磁,13.14,1.39,8470699
SH600358,ST联合,4.37,1.39,3365700
SZ002323,雅博股份,1.46,1.39,31907252
SZ002687,乔治白,4.37,1.39,4040000
SZ002323,雅博股份,1.46,1.39,31910252
SZ301388,欣灵电气,21.95,1.39,524000
SH688121,卓然股份,10.91,1.39,732363
SZ301126,达嘉维康,10.22,1.39,1174500
SZ300318,博晖创新,5.82,1.39,5165700
SH603032,德新科技,13.12,1.39,1416440
SZ002174,游族网络,9.49,1.39,6660135
SZ301355,南王科技,11.03,1.38,1841500
SZ301239,普瑞眼科,43.47,1.38,837709
SH688536,思瑞浦,158.18,1.38,2059442
SH603728,鸣志电器,63.73,1.38,2961300
SZ301232,飞沃科技,25.65,1.38,965480
SH603677,奇精机械,19.11,1.38,2583700
SH688256,寒武纪-U,714.75,1.38,1626231
SZ000049,德赛电池,21.3,1.38,1664277
SZ002960,青鸟消防,11.05,1.38,5477407
SH600126,杭钢股份,11.05,1.38,100732177
SZ300149,睿智医药,5.92,1.37,7073246
SH688051,佳华科技,22.26,1.37,608919
SZ002935,天奥电子,13.33,1.37,1509834
SZ002213,大为股份,14.08,1.37,2682800
SZ002763,汇洁股份,6.67,1.37,2213000
SZ300885,海昌新材,13.34,1.37,4382900
SZ002331,皖通科技,7.39,1.37,2856800
SH600137,浪莎股份,15.53,1.37,1021700
SZ301456,盘古智能,22.34,1.36,408464
SZ300701,森霸传感,9.68,1.36,1284900
SZ000936,华西股份,6.73,1.36,5422200
SH605289,罗曼股份,25.25,1.36,1132475
SH601236,红塔证券,7.47,1.36,7033830
SZ301456,盘古智能,22.34,1.36,408864
SZ002811,郑中设计,8.96,1.36,1508537
SZ300542,新晨科技,18.6,1.36,12718076
SH603950,长源东谷,24.8,1.35,1726800
SZ002285,世联行,2.26,1.35,24031220
SH605499,东鹏饮料,288.75,1.35,1263293
SH603613,国联股份,23.97,1.35,4209489
SZ001696,宗申动力,21.02,1.35,10911202
SH688077,大地熊,22.56,1.35,500411
SZ300614,百川畅银,11.26,1.35,1144200
SH603116,红蜻蜓,5.27,1.35,3636880
SZ301031,中熔电气,119.73,1.35,254600
SH603276,恒兴新材,12.77,1.35,1162630
SZ000897,津滨发展,2.25,1.35,15016801
SH688208,道通科技,40.6,1.35,6486988
SZ000933,神火股份,17.21,1.35,11038645
SH600331,宏达股份,6.74,1.35,11692600
SH603267,鸿远电子,53.07,1.34,1946920
SH601118,海南橡胶,4.53,1.34,13935421
SZ002342,巨力索具,4.55,1.34,40590431
SZ300079,数码视讯,5.3,1.34,18776985
SH603195,公牛集团,71.24,1.34,593715
SH603444,吉比特,237.38,1.34,547200
SZ301185,鸥玛软件,18.09,1.34,1087100
SH603629,利通电子,24.29,1.34,19245084
SZ002673,西部证券,7.57,1.34,15807629
SZ300371,汇中股份,10.59,1.34,1220701
SH603017,中衡设计,8.29,1.34,1252000
SZ300729,乐歌股份,13.61,1.34,2042100
SH603666,亿嘉和,35.02,1.33,3120900
SZ002912,中新赛克,22.91,1.33,1516880
SZ002267,陕天然气,8.37,1.33,6643902
SZ301088,戎美股份,13.0,1.33,623600
SH603677,奇精机械,19.1,1.33,2584000
SZ300852,四会富仕,27.45,1.33,687340
SZ002542,中化岩土,3.05,1.33,14966291
SZ002826,易明医药,10.69,1.33,1527500
SH600552,凯盛科技,10.69,1.33,5647000
SH603421,鼎信通讯,6.16,1.32,2890091
SZ300396,迪瑞医疗,13.02,1.32,1289600
SZ002921,联诚精密,13.03,1.32,1301830
SZ301370,国科恒泰,9.97,1.32,1322919
SZ002820,桂发祥,10.75,1.32,3819340
SZ000056,皇庭国际,3.08,1.32,20426575
SZ300394,天孚通信,68.57,1.32,4865790
SH603267,鸿远电子,53.06,1.32,1947520
SZ002586,*ST围海,3.08,1.32,4146600
SZ002871,伟隆股份,9.99,1.32,1234200
SZ300982,苏文电能,16.07,1.32,1260900
SH603278,大业股份,9.23,1.32,6854600
SZ301515,港通医疗,18.37,1.32,387800
SH688619,罗普特,9.97,1.32,941257
SH603211,晋拓股份,16.83,1.32,1392900
SH601798,蓝科高新,6.9,1.32,5361400
SH601002,晋亿实业,4.6,1.32,6896400
SZ002840,华统股份,10.77,1.32,6270430
SH603618,杭电股份,6.18,1.31,4169700
SZ002815,崇达技术,10.08,1.31,4580600
SH600851,海欣股份,6.19,1.31,3649000
SZ300877,金春股份,14.7,1.31,720900
SZ300877,金春股份,14.7,1.31,720900
SZ301303,真兰仪表,13.18,1.31,620664
SH688172,燕东微,18.61,1.31,859236
SH603160,汇顶科技,70.61,1.31,1489600
SZ002031,巨轮智能,8.52,1.31,59892110
SZ300916,朗特智能,27.13,1.31,400800
SZ301332,德尔玛,10.02,1.31,1310200
SZ300576,容大感光,41.07,1.31,1812083
SZ300236,上海新阳,37.8,1.31,1917400
SZ300300,ST峡创,3.1,1.31,5122900
SH603032,德新科技,13.11,1.31,1416540
SH603331,百达精工,9.37,1.3,2493700
SH603191,望变电气,11.68,1.3,1194700
SZ002439,启明星辰,15.57,1.3,6173949
SZ300349,金卡智能,11.66,1.3,1914400
SZ300831,派瑞股份,14.03,1.3,2566700
SZ002012,凯恩股份,4.68,1.3,2632700
SZ300753,爱朋医疗,19.53,1.3,2783144
SZ000727,冠捷科技,2.33,1.3,35043920
SZ301262,海看股份,23.38,1.3,806500
SZ300718,长盛轴承,77.9,1.3,5450650
SZ002597,金禾实业,24.92,1.3,7827400
SZ301167,建研设计,14.06,1.3,1985800
SH688002,睿创微纳,55.29,1.3,1316037
SZ301189,奥尼电子,24.39,1.29,522672
SH605266,健之佳,20.45,1.29,1241900
SZ300457,赢合科技,16.51,1.29,3274200
SZ301270,汉仪股份,36.14,1.29,738800
SH603337,杰克股份,32.12,1.29,2693900
SH600692,亚通股份,7.05,1.29,3100400
SH600692,亚通股份,7.05,1.29,3100400
SZ002611,东方精工,12.54,1.29,32377511
SH600748,上实发展,3.15,1.29,5123600
SZ300184,力源信息,10.19,1.29,26807327
SH601162,天风证券,3.92,1.29,77535890
SH688552,航天南湖,22.73,1.29,1299153
SZ002643,万润股份,10.98,1.29,9982900
SZ300546,雄帝科技,16.49,1.29,1436220
SH603001,奥康国际,5.5,1.29,2073100
SH603078,江化微,19.63,1.29,11064395
SZ300236,上海新阳,37.79,1.29,1919400
SH688657,浩辰软件,44.95,1.28,197801
SZ300284,苏交科,8.7,1.28,4527800
SZ300481,濮阳惠成,13.48,1.28,1328700
SZ300865,大宏立,22.07,1.28,640000
SH688021,奥福环保,11.85,1.28,532010
SH603180,金牌家居,18.2,1.28,489280
SZ300873,海晨股份,19.72,1.28,1849100
SH688098,申联生物,5.54,1.28,948175
SZ000419,通程控股,5.55,1.28,7886500
SZ301049,超越科技,21.31,1.28,468300
SZ000069,华侨城A,2.38,1.28,17224400
SH600131,国网信通,18.17,1.28,3514845
SH600261,阳光照明,3.17,1.28,7524500
SZ002560,通达股份,6.34,1.28,3773100
SH688181,八亿时空,28.7,1.27,679112
SH601155,新城控股,13.54,1.27,6768600
SZ002841,视源股份,33.5,1.27,1874300
SZ300257,开山股份,8.74,1.27,3336900
SZ301458,钧崴电子,30.38,1.27,870124
SH688181,八亿时空,28.7,1.27,679112
SH601155,新城控股,13.54,1.27,6768600
SZ300257,开山股份,8.74,1.27,3336900
SZ002841,视源股份,33.5,1.27,1874300
SZ301458,钧崴电子,30.38,1.27,879724
SH603815,交建股份,7.99,1.27,4255500
SZ301418,协昌科技,31.99,1.27,202500
SH688188,柏楚电子,192.81,1.27,318394
SZ002779,中坚科技,102.95,1.27,1806500
SH600105,永鼎股份,6.36,1.27,40229860
SZ300629,新劲刚,17.66,1.26,1345000
SH688232,新点软件,32.98,1.26,1485900
SH688312,燕麦科技,23.26,1.26,280813
SH603848,好太太,14.52,1.26,1278600
SZ002547,春兴精工,4.02,1.26,9140450
SZ300468,四方精创,19.34,1.26,27100413
SZ301510,固高科技,34.56,1.26,4117500
SH600171,上海贝岭,35.31,1.26,11445900
SZ300283,温州宏丰,5.61,1.26,2299700
SH688015,交控科技,19.24,1.26,465108
SZ300998,宁波方正,17.74,1.26,1196200
SZ002554,惠博普,2.42,1.26,12143600
SH601688,华泰证券,16.05,1.26,23621713
SH600682,南京新百,6.45,1.26,8094300
SH603486,科沃斯,50.53,1.26,2924505
SH688062,迈威生物-U,20.89,1.26,3054013
SH603877,太平鸟,16.06,1.26,801927
SH601011,宝泰隆,2.42,1.26,8216200
SZ300971,博亚精工,21.72,1.26,697000
SH603726,朗迪集团,15.22,1.26,613900
SH603726,朗迪集团,15.22,1.26,613900
SZ300514,友讯达,12.81,1.26,1788511
SZ002008,大族激光,23.24,1.26,6458784
SZ002625,光启技术,41.77,1.26,9134626
SZ002022,科华生物,5.69,1.25,5208200
SH688819,天能股份,25.91,1.25,887545
SH603096,新经典,17.77,1.25,777220
SZ301072,中捷精工,19.37,1.25,532700
SH603511,爱慕股份,13.73,1.25,1662900
SZ300176,鸿特科技,6.46,1.25,1853000
SZ000911,广农糖业,7.31,1.25,2862300
SZ002945,华林证券,13.78,1.25,4861205
SZ002986,宇新股份,10.49,1.25,1353300
SZ300304,云意电气,7.28,1.25,4266207
SZ300106,西部牧业,10.53,1.25,8055000
SZ300307,慈星股份,8.1,1.25,5781400
SZ300485,赛升药业,8.18,1.24,4853100
SZ002882,金龙羽,16.37,1.24,1598499
SZ000157,中联重科,7.37,1.24,38691357
SZ000625,长安汽车,12.23,1.24,21869309
SH605333,沪光股份,29.28,1.24,1965576
SH688281,华秦科技,72.85,1.24,384143
SZ002063,远光软件,5.72,1.24,11290200
SH600536,中国软件,45.61,1.24,10269523
SZ301078,孩子王,13.05,1.24,16327300
SH600191,华资实业,7.32,1.24,2429100
SZ002651,利君股份,6.52,1.24,5700900
SH600252,中恒集团,2.44,1.24,30690900
SH600137,浪莎股份,15.51,1.24,1026900
SZ300843,胜蓝股份,28.01,1.23,1522842
SZ300843,胜蓝股份,28.01,1.23,1522842
SZ300126,锐奇股份,6.58,1.23,2980300
SZ002820,桂发祥,10.74,1.23,3825740
SZ301329,信音电子,18.97,1.23,800500
SZ002932,明德生物,18.89,1.23,2985728
SZ300409,道氏技术,13.95,1.23,11220715
SZ300209,*ST有树,4.97,1.22,4957900
SZ300826,测绘股份,14.99,1.22,608533
SH688055,龙腾光电,3.32,1.22,1972007
SZ002927,泰永长征,13.25,1.22,1686900
SH600563,法拉电子,104.4,1.22,481273
SZ000062,深圳华强,25.73,1.22,23813094
SH900928,临港B股,0.581,1.22,13000
SH600962,国投中鲁,13.29,1.22,2372053
SH605299,舒华体育,8.3,1.22,842200
SH603159,上海亚虹,14.2,1.21,905300
SZ301286,侨源股份,25.98,1.21,669500
SZ300429,强力新材,10.88,1.21,3300401
SZ300659,中孚信息,13.41,1.21,3025796
SZ300771,智莱科技,10.06,1.21,1466100
SZ300593,新雷能,14.2,1.21,3662400
SZ002917,金奥博,13.38,1.21,3970300
SZ001389,广合科技,48.56,1.21,1414980
SH600237,铜峰电子,6.68,1.21,2770100
SH600984,建设机械,3.35,1.21,2258240
SZ300142,沃森生物,10.01,1.21,7597600
SZ301098,金埔园林,8.42,1.2,1982500
SZ300355,蒙草生态,4.22,1.2,20493100
SZ301041,金百泽,22.0,1.2,770200
SZ300627,华测导航,42.31,1.2,1504406
SZ300780,德恩精工,14.29,1.2,1242300
SZ300002,神州泰岳,10.98,1.2,23542646
SZ300006,莱美药业,3.36,1.2,5140307
SH603303,得邦照明,11.84,1.2,560900
SH688432,有研硅,10.96,1.2,1222936
SH603698,航天工程,16.8,1.2,677574
SZ000819,岳阳兴长,14.28,1.2,1307700
SZ301015,百洋医药,17.73,1.2,2837100
SH600722,金牛化工,5.07,1.2,4296100
SH688362,甬矽电子,27.76,1.2,2008009
SZ002957,科瑞技术,15.18,1.2,1323700
SH688535,华海诚科,70.83,1.19,1239285
SZ000423,东阿阿胶,54.64,1.19,5350639
SZ200570,苏常柴B,1.7,1.19,116900
SZ002575,群兴玩具,9.38,1.19,9461300
SZ300823,建科智能,13.59,1.19,1000100
SZ300329,海伦钢琴,6.78,1.19,2027580
SZ300421,力星股份,15.3,1.19,16015940
SZ301004,嘉益股份,101.51,1.19,436198
SZ300338,*ST开元,4.25,1.19,3013400
SH600596,新安股份,7.64,1.19,4051980
SZ002389,航天彩虹,17.92,1.19,6624800
SZ300567,精测电子,61.21,1.19,1391457
SH603348,文灿股份,20.34,1.19,1540351
SZ000633,合金投资,5.11,1.19,3674200
SZ300083,创世纪,8.47,1.19,28815000
SZ300456,赛微电子,16.12,1.19,3318900
SZ301282,金禄电子,20.35,1.19,749010
SZ002661,克明食品,10.33,1.18,7029500
SZ301587,中瑞股份,20.57,1.18,526600
SZ300937,药易购,24.96,1.18,536700
SZ300055,万邦达,5.15,1.18,2539200
SH603718,海利生物,6.85,1.18,2467344
SZ300620,光库科技,40.25,1.18,1787915
SZ002156,通富微电,25.67,1.18,9969500
SZ002945,华林证券,13.77,1.18,4861405
SH603077,和邦生物,1.71,1.18,17824440
SH688505,复旦张江,7.7,1.18,1385956
SH603727,博迈科,12.9,1.18,1144400
SZ002301,齐心集团,6.92,1.17,3317720
SH603258,电魂网络,20.84,1.17,1861550
SZ300049,福瑞股份,30.35,1.17,857800
SZ002429,兆驰股份,4.33,1.17,15683950
SH603466,风语筑,10.39,1.17,9091304
SZ001288,运机集团,29.52,1.17,1919086
SH688468,科美诊断,6.94,1.17,1588355
SH688027,国盾量子,239.06,1.17,258907
SH600468,百利电气,4.33,1.17,8578490
SH600815,厦工股份,2.59,1.17,3386199
SZ002813,路畅科技,20.76,1.17,564800
SZ300913,兆龙互连,45.83,1.17,2848107
SH688639,华恒生物,27.96,1.16,781531
SZ300796,贝斯美,9.61,1.16,1281400
SZ301089,拓新药业,25.3,1.16,1229118
SZ002073,软控股份,7.86,1.16,6152900
SZ002463,沪电股份,27.96,1.16,19278419
SZ002240,盛新锂能,11.3,1.16,2612000
SZ300196,长海股份,11.37,1.16,2424800
SZ301389,隆扬电子,19.12,1.16,3905670
SZ300978,东箭科技,10.46,1.16,1085000
SZ301389,隆扬电子,19.12,1.16,3905670
SZ300978,东箭科技,10.46,1.16,1085000
SZ300334,津膜科技,6.14,1.15,1304793
SH603271,永杰新材,36.04,1.15,949320
SH603421,鼎信通讯,6.15,1.15,2890991
SH603757,大元泵业,21.02,1.15,440300
SZ301109,军信股份,21.02,1.15,1732350
SZ300447,全信股份,13.16,1.15,1930600
SZ301408,华人健康,11.4,1.15,2805380
SZ301377,鼎泰高科,26.42,1.15,1179765
SZ002198,嘉应制药,7.03,1.15,2387560
SZ300854,中兰环保,14.1,1.15,1782700
SZ000530,冰山冷热,5.28,1.15,7163100
SZ001336,楚环科技,19.36,1.15,1429600
SH603777,来伊份,13.22,1.15,3691699
SZ300033,同花顺,260.05,1.15,3800297
SZ001238,浙江正特,31.15,1.14,387700
SZ300227,光韵达,7.98,1.14,2411400
SZ300360,炬华科技,15.92,1.14,4120824
SH600729,重庆百货,32.0,1.14,2275900
SZ300159,*ST新研,1.78,1.14,19334601
SZ301091,深城交,33.68,1.14,1736677
SZ301281,科源制药,30.12,1.14,467345
SZ000301,东方盛虹,8.84,1.14,5787400
SZ300191,潜能恒信,15.93,1.14,1862000
SH605018,长华集团,10.64,1.14,3261300
SZ301516,中远通,14.24,1.14,659300
SZ002722,物产金轮,14.16,1.14,998600
SH603235,天新药业,26.77,1.13,1684000
SH688681,科汇股份,12.52,1.13,1462670
SZ301516,中远通,14.24,1.14,659300
SZ002722,物产金轮,14.16,1.14,998600
SH603235,天新药业,26.77,1.13,1684000
SH688681,科汇股份,12.52,1.13,1462670
SZ000576,甘化科工,7.13,1.13,2083900
SZ301298,东利机械,15.24,1.13,1897100
SH603239,浙江仙通,13.46,1.13,872000
SZ300404,博济医药,8.07,1.13,4822280
SZ000889,ST中嘉,2.68,1.13,11186367
SZ002416,爱施德,11.6,1.13,3554200
SH600609,金杯汽车,5.35,1.13,6351300
SZ001356,富岭股份,14.37,1.13,4788032
SZ300373,扬杰科技,48.33,1.13,3872500
SH603629,利通电子,24.24,1.13,19294684
SZ002796,世嘉科技,10.74,1.13,2335800
SH688508,芯朋微,55.6,1.13,2502103
SZ002451,摩恩电气,6.29,1.13,1577100
SZ300951,博硕科技,27.86,1.13,456856
SH603409,汇通控股,34.93,1.13,610938
SH688478,晶升股份,29.63,1.13,768527
SZ300073,当升科技,37.79,1.12,2869101
SZ002918,蒙娜丽莎,8.14,1.12,1998100
SH688456,有研粉材,32.5,1.12,259261
SH688605,先锋精科,59.85,1.12,705785
SH600232,金鹰股份,5.43,1.12,2456200
SH688479,友车科技,18.06,1.12,121109
SZ300136,信维通信,19.92,1.12,6027400
SZ002434,万里扬,7.22,1.12,11093100
SH688119,中钢洛耐,3.62,1.12,2055213
SZ002150,通润装备,10.95,1.11,1150000
SZ002576,通达动力,14.59,1.11,1664400
SZ001216,华瓷股份,12.8,1.11,997800
SH600073,光明肉业,8.19,1.11,8169900
SH603305,旭升集团,12.73,1.11,4580656
SH605186,健麾信息,19.13,1.11,1002800
SZ300485,赛升药业,8.17,1.11,4855200
SZ300771,智莱科技,10.05,1.11,1466400
SZ002207,准油股份,5.47,1.11,3290800
SZ300484,蓝海华腾,20.04,1.11,5610000
SH603075,热威股份,19.97,1.11,609330
SH600105,永鼎股份,6.35,1.11,40236260
SH688347,华虹公司,51.97,1.11,3443387
SH600446,金证股份,14.59,1.11,4508337
SZ000567,海德股份,5.5,1.1,3624330
SH688687,凯因科技,24.84,1.1,1966467
SH603066,音飞储存,11.02,1.1,2052300
SZ002485,ST雪发,2.75,1.1,1350700
SH600724,宁波富达,4.61,1.1,3753700
SZ301257,普蕊斯,27.62,1.1,536260
SZ003040,楚天龙,12.88,1.1,3328600
SZ300822,贝仕达克,20.31,1.1,5475525
SZ300675,建科院,13.86,1.09,813900
SH688029,南微医学,60.18,1.09,873200
SZ300985,致远新能,15.78,1.09,529400
SH600537,亿晶光电,2.78,1.09,7246900
SZ300234,开尔新材,4.62,1.09,2586794
SH688512,慧智微-U,10.2,1.09,6255235
SH603129,春风动力,163.05,1.09,827962
SH600871,石化油服,1.85,1.09,23098700
SZ000962,东方钽业,14.88,1.09,1771200
SH600871,石化油服,1.85,1.09,23098700
SZ000962,东方钽业,14.88,1.09,1771200
SZ300057,万顺新材,4.65,1.09,5262600
SZ000017,深中华A,6.52,1.09,21478400
SZ300671,富满微,30.02,1.08,2074200
SZ301234,五洲医疗,27.11,1.08,357800
SZ300843,胜蓝股份,27.97,1.08,1522942
SH900908,氯碱B股,0.559,1.08,671347
SZ300833,浩洋股份,32.89,1.08,285100
SH603339,四方科技,11.27,1.08,770944
SH603416,信捷电气,50.75,1.08,571500
SZ300083,创世纪,8.46,1.08,28816100
SH603330,天洋新材,6.59,1.07,5875543
SH600338,西藏珠峰,9.44,1.07,7907800
SZ003028,振邦智能,39.68,1.07,682332
SH600361,创新新材,3.78,1.07,11423387
SZ002588,史丹利,8.54,1.07,10047300
SZ002616,长青集团,5.69,1.07,4299900
SH603048,浙江黎明,16.94,1.07,603700
SZ003033,征和工业,42.45,1.07,1082200
SH688530,欧莱新材,16.1,1.07,728373
SH600478,科力远,4.73,1.07,6799500
SH688182,灿勤科技,25.5,1.07,1826852
SZ300976,达瑞电子,57.78,1.07,420800
SZ000166,申万宏源,4.74,1.07,19119570
SZ000969,安泰科技,11.29,1.07,6889410
SZ002953,日丰股份,10.37,1.07,2205066
SZ301589,诺瓦星云,140.6,1.06,146560
SZ002154,报喜鸟,3.82,1.06,11501096
SZ002847,盐津铺子,93.59,1.06,2106636
SZ301589,诺瓦星云,140.6,1.06,146560
SZ002847,盐津铺子,93.59,1.06,2106636
SZ002511,中顺洁柔,6.65,1.06,7043383
SZ301311,昆船智能,16.25,1.06,821300
SZ300154,瑞凌股份,9.55,1.06,2896800
SZ002910,庄园牧场,8.55,1.06,4650700
SZ000607,华媒控股,3.8,1.06,2960300
SZ300101,振芯科技,16.28,1.06,3133602
SH603558,健盛集团,8.61,1.06,1991000
SH688093,世华科技,26.69,1.06,1666537
SZ002824,和胜股份,15.32,1.06,1159500
SZ300377,赢时胜,20.96,1.06,14893030
SH600641,万业企业,14.45,1.05,4457300
SH688617,惠泰医疗,428.42,1.05,237716
SH600707,彩虹股份,6.71,1.05,5488400
SH600397,安源煤业,4.8,1.05,6660308
SZ300935,盈建科,21.17,1.05,425318
SH601137,博威合金,17.39,1.05,4432500
SH603799,华友钴业,33.83,1.05,10278337
SH603214,爱婴室,21.44,1.04,1824300
SH688660,电气风电,7.77,1.04,7840407
SH603915,国茂股份,15.51,1.04,5004440
SH603210,泰鸿万立,20.39,1.04,2609015
SZ002603,以岭药业,13.66,1.04,6203490
SH688016,心脉医疗,84.62,1.04,653039
SZ300863,卡倍亿,43.82,1.04,623937
SH688728,格科微,13.66,1.04,3863816
SH605378,野马电池,21.36,1.04,709900
SH603131,上海沪工,16.49,1.04,1547300
SZ300254,仟源医药,8.76,1.04,3030000
SZ300595,欧普康视,14.73,1.03,1887200
SZ300637,扬帆新材,9.78,1.03,3591500
SZ200056,皇庭B,0.98,1.03,24800
SH688013,天臣医疗,19.6,1.03,452572
SH603903,中持股份,6.86,1.03,1988551
SH601162,天风证券,3.91,1.03,77538390
SH603377,ST东时,2.93,1.03,2551727
SZ002017,东信和平,9.83,1.03,2538754
SZ300445,康斯特,16.75,1.03,1722800
SH688182,灿勤科技,25.49,1.03,1829852
SH605298,必得科技,12.92,1.02,664145
SZ000935,四川双马,15.89,1.02,2186455
SZ300425,中建环能,4.95,1.02,3085190
SZ002872,ST天圣,3.95,1.02,800200
SH600449,宁夏建材,12.92,1.02,3373800
SZ301023,江南奕帆,60.47,1.02,509150
SZ300997,欢乐家,13.84,1.02,1674498
SZ002339,积成电子,6.91,1.02,5500700
SZ301488,豪恩汽电,60.16,1.02,509700
SH688516,奥特维,33.08,1.01,1127700
SZ300930,屹通新材,25.96,1.01,450700
SH603201,常润股份,17.04,1.01,494600
SZ002641,公元股份,4.02,1.01,5474400
SH605388,均瑶健康,6.03,1.01,3265340
SH688006,杭可科技,17.07,1.01,977311
SZ002349,精华制药,6.98,1.01,3299800
SZ300109,新开源,14.98,1.01,2310750
SZ001379,腾达科技,19.09,1.01,740900
SZ300800,力合科技,10.03,1.01,1363550
SZ300465,高伟达,14.04,1.01,8106531
SH603819,神力股份,15.03,1.01,2781724
SH600513,联环药业,8.98,1.01,2699400
SZ300092,科新机电,11.95,1.01,2484000
SZ002990,盛视科技,28.31,1.0,1031900
SZ300585,奥联电子,13.1,1.0,1107800
SZ002889,东方嘉盛,20.17,1.0,1250600
SZ001287,中电港,19.23,1.0,5294600
SH603719,良品铺子,12.1,1.0,1872100
SZ002075,沙钢股份,6.04,1.0,10859580
SH900913,国新B股,0.202,1.0,90600
SZ300720,海川智能,20.27,1.0,895700
SZ001324,长青科技,17.22,1.0,517800
SZ002670,国盛金控,12.16,1.0,7716856
SZ300015,爱尔眼科,13.13,1.0,19944461
SZ300404,博济医药,8.06,1.0,4875580
SH600722,金牛化工,5.06,1.0,4296200
SH688178,万德斯,22.16,1.0,995049
SZ300822,贝仕达克,20.29,1.0,5475925
SH688302,海创药业-U,38.75,0.99,710758
SZ301217,铜冠铜箔,10.16,0.99,1412000
SZ000757,浩物股份,4.08,0.99,10515900
SZ300625,三雄极光,11.21,0.99,670600
SZ300343,ST联创,4.08,0.99,5034202
SH688128,中国电研,24.44,0.99,3822695
SZ300724,捷佳伟创,55.32,0.99,3017800
SZ301292,海科新源,14.29,0.99,1091300
SH600081,东风科技,13.3,0.99,3937180
SZ002925,盈趣科技,15.36,0.99,1655786
SZ001239,永达股份,14.31,0.99,1069500
SH600292,远达环保,12.21,0.99,7430730
SH600292,远达环保,12.21,0.99,7430730
SZ300035,中科电气,15.26,0.99,8068700
SZ300127,银河磁体,24.53,0.99,2408202
SH600808,马钢股份,3.06,0.99,36719000
SH603680,今创集团,9.17,0.99,14802355
SH688176,亚虹医药-U,8.26,0.98,3249688
SH603158,腾龙股份,8.24,0.98,3196300
SZ002906,华阳集团,29.99,0.98,2763936
SH600759,洲际油气,2.06,0.98,30017700
SH601101,昊华能源,7.18,0.98,4334700
SZ300055,万邦达,5.14,0.98,2539500
SZ300980,祥源新材,21.69,0.98,3098065
SZ000561,烽火电子,7.22,0.98,3644800
SH900926,宝信B,1.447,0.98,566179
SZ002677,浙江美大,7.24,0.98,2029060
SH603458,勘设股份,7.21,0.98,5394436
SZ300564,筑博设计,12.34,0.98,2349800
SH600662,外服控股,5.13,0.98,10130300
SH688800,瑞可达,49.11,0.97,2557257
SZ002111,威海广泰,9.39,0.97,2026200
SH603073,彩蝶实业,15.65,0.97,690600
SZ000677,恒天海龙,4.15,0.97,11124326
SZ001236,弘业期货,8.29,0.97,3448500
SH600792,云煤能源,3.11,0.97,5359500
SH603127,昭衍新药,15.64,0.97,9289841
SZ300389,艾比森,10.4,0.97,869000
SZ300776,帝尔激光,58.42,0.97,853420
SZ002703,浙江世宝,11.47,0.97,5622600
SH688466,金科环境,15.63,0.97,150215
SZ000151,中成股份,13.62,0.96,1196800
SZ300595,欧普康视,14.72,0.96,1887400
SZ300909,汇创达,24.17,0.96,491550
SZ301051,信濠光电,21.07,0.96,356680
SH600212,绿能慧充,7.37,0.96,4315300
SZ300821,东岳硅材,7.37,0.96,2123400
SZ002735,王子新材,9.44,0.96,5531300
SZ002451,摩恩电气,6.28,0.96,1577200
SZ300839,博汇股份,8.5,0.95,1964952
SZ300207,欣旺达,19.07,0.95,9287221
SH603323,苏农银行,5.29,0.95,34440992
SZ301368,丰立智能,69.96,0.95,2298200
SH688123,XD聚辰股,71.99,0.95,1728987
SZ002453,华软科技,5.3,0.95,7649100
SZ003033,征和工业,42.4,0.95,1093600
SH605378,野马电池,21.34,0.95,710100
SZ002910,庄园牧场,8.54,0.95,4653200
SZ301179,泽宇智能,15.95,0.95,763660
SZ300506,*ST名家,3.22,0.94,1350770
SH603587,地素时尚,11.82,0.94,1089001
SZ300597,吉大通信,8.55,0.94,1427700
SH603713,密尔克卫,48.18,0.94,743000
SZ002396,星网锐捷,19.4,0.94,5146950
SH601133,柏诚股份,10.69,0.94,969000
SZ002631,德尔未来,4.3,0.94,7587600
SZ001260,坤泰股份,17.27,0.94,696900
SH603012,创力集团,5.38,0.94,2672100
SZ002036,联创电子,10.72,0.94,20205537
SZ300306,远方信息,11.82,0.94,1709400
SZ300975,商络电子,10.78,0.94,6471993
SZ300725,药石科技,32.3,0.94,2117100
SZ002035,华帝股份,6.52,0.93,8333380
SZ300051,琏升科技,6.49,0.93,3385401
SZ000926,福星股份,2.17,0.93,12251160
SZ000869,张裕A,22.85,0.93,769205
SH603896,寿仙谷,19.45,0.93,829400
SH603223,恒通股份,8.72,0.93,1310600
SZ002084,海鸥住工,3.27,0.93,13932810
SH600830,香溢融通,8.68,0.93,3384754
SZ300700,岱勒新材,8.66,0.93,3630660
SZ301137,哈焊华通,19.63,0.93,2182899
SH688662,富信科技,38.15,0.93,646923
SH603282,亚光股份,15.14,0.93,807400
SZ002330,得利斯,4.34,0.93,3881495
SZ002873,新天药业,8.7,0.93,1097090
SZ300494,盛天网络,11.91,0.93,10586860
SH688371,菲沃泰,15.37,0.92,517014
SZ000045,深纺织A,9.9,0.92,1826100
SZ300095,华伍股份,6.57,0.92,1787100
SZ300255,常山药业,20.78,0.92,6735180
SH600459,贵研铂业,13.23,0.92,4795858
SZ000636,风华高科,13.21,0.92,2425050
SH688067,爱威科技,18.72,0.92,594869
SZ301203,国泰环保,29.75,0.92,160000
SZ300374,中铁装配,15.33,0.92,1217960
SH688048,长光华芯,57.09,0.92,2594553
SZ300254,仟源医药,8.75,0.92,3032100
SH600895,张江高科,26.23,0.92,16397769
SZ002959,小熊电器,45.92,0.92,768500
SZ002866,传艺科技,15.36,0.92,2888800
SZ001330,博纳影业,4.39,0.92,7349500
SH605208,永茂泰,12.12,0.92,22423100
SH603860,中公高科,28.9,0.91,442100
SZ300592,华凯易佰,11.11,0.91,2888931
SZ301215,中汽股份,5.55,0.91,2952474
SZ002127,南极电商,4.42,0.91,15241216
SH600088,中视传媒,16.56,0.91,1452538
SH603002,宏昌电子,5.57,0.91,9602400
SH600079,人福医药,21.01,0.91,6018042
SH603037,凯众股份,16.58,0.91,1667040
SH600436,片仔癀,206.66,0.91,2023687
SH603025,大豪科技,13.26,0.91,1356280
SH601066,中信建投,23.36,0.91,5814834
SZ000803,山高环能,5.56,0.91,3198900
SZ002670,国盛金控,12.15,0.91,7717156
SH603070,万控智造,12.19,0.91,687800
SH603801,志邦家居,11.11,0.91,1904100
SH603058,永吉股份,7.77,0.91,1708300
SZ000099,中信海直,22.21,0.91,5184100
SZ300562,乐心医疗,14.34,0.91,5708600
SZ000812,陕西金叶,4.44,0.91,4028000
SZ301051,信濠光电,21.06,0.91,357180
SH600081,东风科技,13.29,0.91,3942380
SH688153,唯捷创芯,31.45,0.9,1149358
SH688515,裕太微-U,104.73,0.9,324359
SZ300651,金陵体育,13.42,0.9,1012650
SZ301566,达利凯普,15.62,0.9,3480300
SH600217,中再资环,4.46,0.9,6112700
SZ002276,万马股份,14.65,0.9,56884800
SZ300207,欣旺达,19.06,0.9,9290721
SZ000019,深粮控股,6.76,0.9,3683880
SZ000612,焦作万方,6.75,0.9,5205420
SZ300308,中际旭创,83.84,0.9,10203092
SH600621,华鑫股份,13.42,0.9,5427700
SZ002666,德联集团,4.49,0.9,6205300
SZ300518,新迅达,10.06,0.9,1029832
SH688519,南亚新材,37.13,0.9,1069853
SZ002322,理工能科,12.27,0.9,1221400
SZ300026,红日药业,3.38,0.9,14746400
SZ300697,电工合金,14.8,0.89,2022600
SH600141,兴发集团,20.33,0.89,4698000
SH601208,东材科技,9.03,0.89,3273130
SH688606,奥泰生物,61.48,0.89,455343
SZ002817,黄山胶囊,6.83,0.89,1974890
SZ000078,海王生物,2.27,0.89,8089500
SZ301062,上海艾录,7.9,0.89,1458100
SH688363,华熙生物,48.82,0.89,1017353
SZ300446,航天智造,16.91,0.89,4552400
SH688627,精智达,74.9,0.89,297901
SH603115,海星股份,13.53,0.89,646869
SZ300568,星源材质,9.04,0.89,6176623
SH600125,铁龙物流,5.67,0.89,4454300
SZ300259,新天科技,3.39,0.89,2796400
SZ001231,农心科技,18.21,0.89,680200
SH601200,上海环境,7.92,0.89,2333220
SZ300014,亿纬锂能,40.99,0.89,6207561
SZ300933,中辰股份,6.86,0.88,4424178
SH603899,晨光股份,29.73,0.88,2128200
SH600958,东方证券,9.18,0.88,11383896
SZ301048,金鹰重工,9.21,0.88,1875300
SZ300648,星云股份,28.5,0.88,2502700
SZ301048,金鹰重工,9.21,0.88,1875300
SZ300648,星云股份,28.5,0.88,2502700
SZ002074,国轩高科,20.57,0.88,4686510
SZ300653,正海生物,19.55,0.88,511975
SZ000868,安凯客车,5.7,0.88,5344300
SZ300034,钢研高纳,14.87,0.88,2482180
SZ301082,久盛电气,13.8,0.88,3873700
SZ002297,博云新材,6.84,0.88,5688200
SZ002390,信邦制药,3.44,0.88,6933310
SZ301505,苏州规划,22.12,0.87,440900
SH688170,德龙激光,20.81,0.87,495319
SZ300327,中颖电子,21.95,0.87,2310320
SZ300988,津荣天宇,19.79,0.87,1672180
SZ002023,海特高新,9.23,0.87,2332600
SH601968,宝钢包装,4.64,0.87,3461800
SZ002598,山东章鼓,9.28,0.87,1608900
SZ002674,兴业科技,9.3,0.87,1196655
SZ002864,盘龙药业,26.98,0.86,714899
SH688733,壹石通,16.36,0.86,812079
SZ002190,成飞集成,16.45,0.86,1960300
SZ300835,龙磁科技,33.96,0.86,795384
SZ002566,益盛药业,7.02,0.86,1975300
SH603939,益丰药房,28.24,0.86,2299739
SZ002715,登云股份,15.24,0.86,767100
SZ300406,九强生物,14.03,0.86,1235800
SZ300618,寒锐钴业,31.78,0.86,1436400
SH603869,ST智知,5.85,0.86,547300
SZ301468,博盈特焊,21.06,0.86,262613
SH688779,五矿新能,4.67,0.86,4140688
SZ300672,国科微,70.0,0.86,1698700
SH603088,宁波精达,9.44,0.85,3053000
SZ300037,新宙邦,31.92,0.85,2986488
SZ300487,蓝晓科技,43.88,0.85,661300
SZ301022,海泰科,27.3,0.85,1957537
SZ300686,智动力,8.28,0.85,2348920
SZ300727,润禾材料,38.08,0.85,1351744
SH605369,拱东医疗,23.78,0.85,352900
SH600062,华润双鹤,18.97,0.85,4803091
SH600594,益佰制药,3.56,0.85,8352300
SZ000552,甘肃能化,2.37,0.85,13802196
SH600257,大湖股份,4.74,0.85,3354900
SZ000166,申万宏源,4.73,0.85,19120070
SZ000069,华侨城A,2.37,0.85,17224700
SZ300569,天能重工,4.76,0.85,21510595
SZ002192,融捷股份,27.31,0.85,1271200
SH600459,贵研铂业,13.22,0.84,4824258
SZ301255,通力科技,39.43,0.84,1433900
SH900929,锦旅B股,1.2,0.84,12400
SH605177,东亚药业,16.78,0.84,1152600
SH600997,开滦股份,5.99,0.84,3797805
SH605507,国邦医药,19.22,0.84,1037327
SH601099,太平洋,3.6,0.84,47549407
SZ002755,奥赛康,19.22,0.84,1967890
SH603568,伟明环保,19.26,0.84,2379000
SH600757,长江传媒,9.65,0.84,5374434
SZ300446,航天智造,16.9,0.84,4553200
SZ300788,中信出版,30.08,0.84,867500
SZ000985,大庆华科,16.83,0.84,321700
SH603321,梅轮电梯,7.23,0.84,1411600
SH688786,悦安新材,24.02,0.84,406178
SH688786,悦安新材,24.02,0.84,406178
SH688486,龙迅股份,74.66,0.84,670594
SH603093,南华期货,12.01,0.84,2476200
SZ300842,帝科股份,37.02,0.84,1729381
SH900925,机电B股,1.089,0.83,154800
SZ002634,棒杰股份,3.63,0.83,8997140
SH600703,三安光电,12.22,0.83,9029894
SH600738,丽尚国潮,4.85,0.83,16410735
SH600239,云南城投,2.42,0.83,10712595
SZ301577,美信科技,50.96,0.83,322200
SH600000,浦发银行,10.92,0.83,35056888
SH603181,皇马科技,12.11,0.83,2680600
SH600345,长江通信,21.82,0.83,1524000
SH688593,新相微,18.25,0.83,3509397
SZ002888,惠威科技,17.08,0.83,620080
SZ000538,云南白药,57.02,0.83,3372520
SZ002283,天润工业,6.11,0.83,8758200
SZ300247,融捷健康,3.65,0.83,7586700
SZ300204,舒泰神,10.95,0.83,9867163
SH605208,永茂泰,12.11,0.83,22424200
SZ002441,众业达,8.55,0.83,3741000
SH600918,中泰证券,6.13,0.82,8660163
SZ300384,三联虹普,17.16,0.82,1565962
SH688136,科兴制药,37.92,0.82,1016627
SZ300596,利安隆,28.32,0.82,1134700
SH601021,春秋航空,53.81,0.82,2460150
SZ002065,东华软件,9.78,0.82,59694700
SZ301038,深水规院,17.22,0.82,989300
SH688163,赛伦生物,17.15,0.82,249937
SZ300381,溢多利,7.36,0.82,5480130
SZ300381,溢多利,7.36,0.82,5480130
SH601066,中信建投,23.34,0.82,5815034
SH900942,黄山B股,0.739,0.82,199000
SZ002169,智光电气,6.15,0.82,7263873
SZ002920,德赛西威,103.9,0.82,1815900
SZ000886,海南高速,6.16,0.82,4666068
SZ300953,震裕科技,148.3,0.82,1922638
SH603806,福斯特,12.29,0.82,6073837
SZ300851,交大思诺,26.11,0.81,195000
SH688126,沪硅产业,17.45,0.81,3800435
SH688545,兴福电子,27.36,0.81,1258504
SZ000652,泰达股份,3.72,0.81,3945800
SZ002160,常铝股份,3.74,0.81,5433500
SZ300545,联得装备,28.62,0.81,1010732
SH605008,长鸿高科,16.1,0.81,1460240
SH688161,威高骨科,27.25,0.81,830313
SZ002271,东方雨虹,11.22,0.81,6338401
SZ300328,宜安科技,9.92,0.81,16903100
SH601696,中银证券,9.92,0.81,5763287
SH900947,振华B股,0.249,0.81,904736
SZ300397,天和防务,11.24,0.81,4567700
SZ002669,康达新材,9.9,0.81,3698500
SZ300776,帝尔激光,58.33,0.81,860220
SZ000815,美利云,13.66,0.81,66069992
SZ300529,健帆生物,21.48,0.8,2643039
SZ003012,东鹏控股,6.31,0.8,1833600
SZ002614,奥佳华,6.32,0.8,3172100
SZ300631,久吾高科,20.16,0.8,370200
SH688676,金盘科技,31.33,0.8,4058655
SH603867,新化股份,24.3,0.79,1333274
SH688676,金盘科技,31.33,0.8,4058655
SH603867,新化股份,24.3,0.79,1333274
SH600617,国新能源,2.55,0.79,13875600
SH600389,江山股份,16.56,0.79,3617988
SZ300791,仙乐健康,25.37,0.79,888900
SZ002364,中恒电气,13.98,0.79,10049600
SH689009,九号公司-WD,63.88,0.79,9820391
SZ000725,京东方A,3.85,0.79,96278670
SZ002085,万丰奥威,16.58,0.79,19785400
SZ002154,报喜鸟,3.81,0.79,11511796
SH688611,杭州柯林,44.42,0.79,534022
SH605555,德昌股份,19.18,0.79,3377926
SZ000915,华特达因,30.73,0.79,2037700
SZ000799,酒鬼酒,43.29,0.79,1403601
SZ000968,蓝焰控股,6.41,0.79,3069900
SZ000987,越秀资本,6.35,0.79,7431371
SH600345,长江通信,21.81,0.79,1524100
SZ000750,国海证券,3.84,0.79,31111117
SZ000919,金陵药业,6.5,0.78,2257600
SZ002057,中钢天源,7.73,0.78,4696100
SH603768,常青股份,11.58,0.78,1211000
SH688276,百克生物,20.55,0.78,477099
SH603650,彤程新材,32.15,0.78,1486100
SH601789,宁波建工,5.18,0.78,17094371
SH600666,奥瑞德,2.6,0.78,22183320
SZ002727,一心堂,14.21,0.78,5066600
SZ300239,东宝生物,5.14,0.78,2955400
SZ000702,正虹科技,6.43,0.78,2265500
SH603711,香飘飘,12.96,0.78,1568600
SZ300922,天秦装备,21.88,0.78,8083545
SH688211,中科微至,27.64,0.77,235774
SZ300193,佳士科技,9.11,0.77,3689900
SH688399,硕世生物,65.21,0.77,113475
SH600529,山东药玻,22.18,0.77,2952200
SZ002997,瑞鹄模具,37.76,0.77,1780753
SZ300095,华伍股份,6.56,0.77,1796300
SZ301200,大族数控,37.73,0.77,371300
SZ200725,京东方B,2.61,0.77,147800
SH600390,五矿资本,5.26,0.77,9944435
SZ002236,大华股份,15.73,0.77,14444386
SZ301048,金鹰重工,9.2,0.77,1877400
SH600958,东方证券,9.17,0.77,11402996
SH688291,金橙子,22.35,0.77,948567
SZ000159,国际实业,5.21,0.77,4537600
SZ300045,华力创通,17.04,0.77,5208183
SH688197,首药控股-U,30.6,0.76,272445
SH603188,亚邦股份,4.0,0.76,6490400
SH601808,中海油服,13.33,0.76,2715100
SH603323,苏农银行,5.28,0.76,34441092
SH601857,中国石油,8.0,0.76,38300465
SH603888,新华网,22.52,0.76,1979100
SH600714,金瑞矿业,10.59,0.76,2518600
SZ002133,广宇集团,2.64,0.76,9714800
SZ000970,中科三环,10.62,0.76,4858161
SZ300189,神农种业,3.96,0.76,39020800
SZ300271,华宇软件,7.95,0.76,18977300
SZ300443,金雷股份,19.78,0.76,2234299
SZ003006,百亚股份,33.07,0.76,4267881
SZ002524,光正眼科,3.98,0.76,5503801
SZ300048,合康新能,5.3,0.76,5935200
SZ300558,贝达药业,50.38,0.76,2348150
SH603755,日辰股份,26.86,0.75,385200
SH600616,金枫酒业,5.38,0.75,7030800
SH600493,凤竹纺织,5.38,0.75,2651200
SZ002856,美芝股份,9.44,0.75,2529600
SZ300535,达威股份,14.87,0.75,1179734
SH600221,海航控股,1.34,0.75,123294267
SH603194,中力股份,33.55,0.75,843777
SZ002926,华西证券,8.09,0.75,6820640
SH603517,绝味食品,16.14,0.75,3903900
SH605198,安德利,38.28,0.74,569600
SZ000558,天府文旅,4.08,0.74,38067153
SH600519,贵州茅台,1555.5,0.74,1431680
SZ000757,浩物股份,4.07,0.74,10544900
SZ002066,瑞泰科技,10.85,0.74,1422700
SZ300519,新光药业,13.66,0.74,845694
SZ300398,飞凯材料,17.75,0.74,12286111
SH688317,之江生物,16.23,0.74,552550
SH688325,赛微微电,44.7,0.74,516669
SH600343,航天动力,10.93,0.74,1389812
SZ301039,中集车辆,8.2,0.74,4088169
SH600679,上海凤凰,12.29,0.74,6467900
SH605268,王力安防,8.12,0.74,843200
SZ301338,凯格精机,35.33,0.74,1457640
SZ002592,ST八菱,5.47,0.74,6984067
SZ300263,隆华科技,6.79,0.74,4113129
SZ301106,骏成科技,27.59,0.73,238240
SZ300218,安利股份,13.75,0.73,2118300
SZ002116,中国海诚,9.68,0.73,1002200
SH600816,建元信托,2.76,0.73,6878140
SH688616,西力科技,11.09,0.73,738542
SZ002903,宇环数控,20.56,0.73,2177300
SZ301280,珠城科技,41.68,0.72,2298135
SZ301429,森泰股份,16.79,0.72,647500
SH605488,福莱新材,47.74,0.72,6696429
SZ002344,海宁皮城,4.2,0.72,7533200
SZ301141,中科磁业,36.4,0.72,465800
SZ300712,永福股份,22.53,0.72,515300
SH603061,金海通,85.72,0.72,269300
SH601222,林洋能源,5.57,0.72,9507969
SZ300918,南山智尚,20.85,0.72,22655660
SZ301603,乔锋智能,50.26,0.72,1319199
SZ300351,永贵电器,15.68,0.71,2412300
SZ000723,美锦能源,4.23,0.71,22249012
SZ300988,津荣天宇,19.76,0.71,1684480
SH603898,好莱客,9.99,0.71,684800
SH603000,人民网,19.93,0.71,3967071
SH688163,赛伦生物,17.13,0.71,250400
SZ002239,奥特佳,2.84,0.71,17506840
SZ000663,永安林业,5.64,0.71,3183000
SZ002441,众业达,8.54,0.71,3741300
SZ003031,中瓷电子,46.89,0.71,434200
SZ300320,海达股份,10.14,0.7,2658200
SZ002112,三变科技,13.02,0.7,3308000
SZ301186,超达装备,40.06,0.7,401400
SZ002361,神剑股份,5.74,0.7,10163209
SH688455,科捷智能,11.47,0.7,310030
SZ001318,阳光乳业,12.99,0.7,3924600
SZ300947,德必集团,17.35,0.7,3993570
SZ002346,柘中股份,13.01,0.7,1416600
SZ002455,百川股份,7.22,0.7,5960173
SZ002224,三力士,4.34,0.7,3287084
SZ000800,一汽解放,7.22,0.7,11173720
SZ002686,亿利达,5.79,0.7,3140900
SZ301381,赛维时代,20.09,0.7,727100
SZ000514,渝开发,4.3,0.7,40733600
SZ301386,未来电器,20.38,0.69,461500
SH600776,东方通信,10.21,0.69,3919801
SZ300110,华仁药业,2.92,0.69,4267205
SH688563,航材股份,52.56,0.69,492779
SZ002352,顺丰控股,43.66,0.69,8216565
SZ001872,招商港口,19.05,0.69,2399000
SZ301489,思泉新材,60.99,0.69,721400
SZ001330,博纳影业,4.38,0.69,7352600
SH600784,鲁银投资,5.86,0.69,2792800
SZ300658,延江股份,5.83,0.69,3054720
SZ300584,海辰药业,19.34,0.68,639700
SZ300928,华安鑫创,32.6,0.68,591500
SH600283,钱江水利,10.38,0.68,3207860
SH603126,中材节能,5.91,0.68,1778300
SH603937,丽岛新材,8.83,0.68,1089800
SH601880,辽港股份,1.47,0.68,10046659
SZ002646,天佑德酒,8.9,0.68,1557794
SZ300398,飞凯材料,17.74,0.68,12288111
SZ002522,浙江众成,4.46,0.68,8095200
SZ301335,天元宠物,25.06,0.68,6389317
SH688102,斯瑞新材,11.88,0.68,3331901
SZ300070,碧水源,4.45,0.68,7382821
SZ000526,学大教育,53.36,0.68,849100
SZ002755,奥赛康,19.19,0.68,1967990
SZ300332,天壕能源,4.44,0.68,5168400
SZ003008,开普检测,20.79,0.68,361900
SZ000812,陕西金叶,4.43,0.68,4028700
SZ001286,陕西能源,8.89,0.68,4109151
SZ002552,宝鼎科技,13.24,0.68,2004400
SZ003000,劲仔食品,13.29,0.68,5151000
SH601878,浙商证券,10.53,0.67,11743509
SZ002762,*ST金比,4.48,0.67,6785077
SH600333,长春燃气,4.51,0.67,2892100
SH603057,紫燕食品,22.55,0.67,598782
SH600927,永安期货,11.94,0.67,900200
SZ000816,智慧农业,3.02,0.67,9603800
SZ002891,中宠股份,58.2,0.67,6742484
SZ000739,普洛药业,13.72,0.66,2237400
SH600854,春兰股份,4.57,0.66,3785900
SH900902,市北B股,0.153,0.66,230700
SH600423,柳化股份,3.07,0.66,5520700
SH603999,读者传媒,6.08,0.66,7062500
SZ301219,腾远钴业,44.28,0.66,1234878
SH603216,梦天家居,12.26,0.66,668700
SH603135,中重科技,9.09,0.66,900060
SZ002283,天润工业,6.1,0.66,8761100
SH605123,派克新材,55.28,0.66,479300
SH600808,马钢股份,3.05,0.66,36873600
SZ300443,金雷股份,19.76,0.66,2234899
SZ301353,普莱得,29.07,0.66,394400
SZ002057,中钢天源,7.72,0.65,4696500
SH605488,福莱新材,47.71,0.65,6696829
SZ301305,朗坤科技,17.01,0.65,674600
SH600371,万向德农,9.27,0.65,3679400
SZ301305,朗坤科技,17.01,0.65,674600
SH600371,万向德农,9.27,0.65,3679400
SZ300375,鹏翎股份,4.66,0.65,7049516
SH600372,中航机载,10.81,0.65,4615617
SZ301227,森鹰窗业,17.04,0.65,515177
SH600737,中粮糖业,9.34,0.65,6362700
SZ300589,江龙船艇,10.79,0.65,2505000
SZ301099,雅创电子,46.44,0.65,2293111
SZ301529,福赛科技,28.5,0.64,499400
SH600779,水井坊,45.68,0.64,1845906
SH600030,中信证券,25.17,0.64,25323141
SH600571,信雅达,15.73,0.64,24762400
SH603527,众源新材,9.43,0.64,2643900
SZ301207,华兰疫苗,15.84,0.64,633800
SZ000705,浙江震元,7.85,0.64,2409400
SZ300778,新城市,11.02,0.64,3558800
SH601555,东吴证券,7.9,0.64,19668540
SZ000997,新大陆,26.88,0.64,7049500
SZ301616,浙江华业,42.58,0.64,781300
SH688101,三达膜,12.86,0.63,462105
SZ002774,快意电梯,7.99,0.63,1386500
SH600761,安徽合力,15.89,0.63,4230800
SZ000428,华天酒店,3.18,0.63,11197401
SZ002029,七匹狼,6.34,0.63,2743400
SZ300238,冠昊生物,12.71,0.63,2268200
SH600128,苏豪弘业,9.63,0.63,4490201
SH601949,中国出版,6.41,0.63,3531000
SZ301272,英华特,35.22,0.63,285100
SZ000523,红棉股份,3.17,0.63,12700340
SZ300580,贝斯特,27.16,0.63,5928962
SH601949,中国出版,6.41,0.63,3531000
SZ301272,英华特,35.22,0.63,285100
SZ300580,贝斯特,27.16,0.63,5928962
SZ000523,红棉股份,3.17,0.63,12700440
SZ200550,江铃B,9.71,0.62,18200
SH688510,航亚科技,17.95,0.62,2317020
SH605007,五洲特纸,11.38,0.62,563200
SZ000958,电投产融,6.46,0.62,20452900
SZ002112,三变科技,13.01,0.62,3309900
SH603786,科博达,53.23,0.62,893000
SZ002107,沃华医药,4.88,0.62,2476880
SZ300604,长川科技,42.27,0.62,4837806
SZ002311,海大集团,55.29,0.62,3861180
SZ002533,金杯电工,9.7,0.62,4046992
SZ002853,皮阿诺,14.56,0.62,1066700
SZ002381,双箭股份,6.48,0.62,1788100
SZ301413,安培龙,95.6,0.62,1169160
SH603600,永艺股份,9.7,0.62,1745500
SZ200058,深赛格B,1.65,0.61,92000
SH603320,迪贝电气,16.58,0.61,1261300
SH603269,海鸥股份,11.59,0.61,3450920
SZ300896,爱美客,172.25,0.61,1129508
SZ300095,华伍股份,6.55,0.61,1797800
SZ300382,斯莱克,13.15,0.61,8655783
SZ002270,华明装备,14.9,0.61,1987600
SZ002234,民和股份,8.28,0.61,1780200
SH688600,皖仪科技,19.82,0.61,985744
SZ002306,*ST云网,1.66,0.61,27394801
SZ301039,中集车辆,8.19,0.61,4088469
SZ300094,国联水产,3.32,0.61,13537300
SH601003,柳钢股份,3.29,0.61,43901885
SZ000877,天山股份,4.94,0.61,5480600
SH688081,兴图新科,18.52,0.6,390902
SH603392,万泰生物,65.69,0.6,577600
SZ002632,道明光学,8.42,0.6,2571006
SZ300320,海达股份,10.13,0.6,2658300
SH688215,瑞晟智能,28.6,0.6,258133
SZ000516,国际医学,5.04,0.6,8896800
SH603786,科博达,53.22,0.6,893100
SH688338,赛科希德,23.55,0.6,176390
SZ001208,华菱线缆,10.0,0.6,1376600
SH688289,圣湘生物,20.01,0.6,2160386
SZ301588,美新科技,17.05,0.59,402600
SH600776,东方通信,10.2,0.59,3920001
SH603100,川仪股份,20.47,0.59,3097205
SZ002254,泰和新材,10.21,0.59,8272170
SZ002482,广田集团,1.71,0.59,8213390
SH600965,福成股份,5.1,0.59,6177800
SZ300519,新光药业,13.64,0.59,846894
SH600818,中路股份,10.29,0.59,1469000
SH600061,国投资本,6.87,0.59,9004800
SH688517,金冠电气,13.69,0.59,620374
SZ300122,智飞生物,18.86,0.59,8011650
SH600189,泉阳泉,6.81,0.59,3417400
SZ002005,ST德豪,1.74,0.58,3965700
SZ300471,厚普股份,8.72,0.58,2390100
SZ000637,茂化实华,3.44,0.58,4702678
SH688268,华特气体,52.16,0.58,908427
SZ300408,三环集团,34.87,0.58,3606203
SZ002176,江特电机,6.92,0.58,7698100
